SOURCE_ID,TITLE,AUTHORS,YEAR,JOURNAL,PUBLISHER,DOI,URL,LANGUAGE,COUNTRY,SOURCE_TYPE,PSYCHOLOGY_DOMAIN,SUBDOMAIN,CONSTRUCTS,POPULATION,SAMPLE_SIZE,METHOD,EXPERIMENTAL,OBSERVATIONAL,LONGITUDINAL,FIELD_STUDY,REVIEW,META_ANALYSIS,PREREGISTERED,REPLICATION,ORIGINAL_STUDY,EFFECT_SIZE_AVAILABLE,DATA_AVAILABLE,CODE_AVAILABLE,OPEN_ACCESS,LICENSE,COPYRIGHT_STATUS,TRAINING_PERMISSION,FILE_PATH,PRIMARY_SOURCE,RELIABILITY_SCORE,REPLICATION_STATUS,EVIDENCE_STRENGTH,NEGOTIATION_RELEVANCE,TRAINING_VALUE,KNOWN_LIMITATIONS,RETRACTION_STATUS,ACCESS_STATUS,OA_PDF_URL,OPENALEX_ID,FILE_SHA256,FILE_BYTES,DISCOVERED_AT,ACQUIRED_AT,NOTES
EPMC_PMC11389481,Interdisciplinary CBT treatment for patients with odontophobia and dental anxiety related to psychological trauma experiences: a case series.,"Westad YAS, Flemmen GL, Solem S, Monsen T, Hollingen H, Feuerherm A, Havnen A, Hagen K.",2024,,,10.1186/s12888-024-06055-w,https://europepmc.org/article/MED/39256740,eng,,case study,clinical_psychology,CASE_EVIDENCE,PSYCHOTHERAPY,,,case report/case study,,TRUE,,,,,,,TRUE,,,,TRUE,cc-by,LICENSED_OPEN_ACCESS,LICENSE_ALLOWS_REUSE_WITH_ATTRIBUTION,pdfs/EPMC_PMC11389481.pdf,TRUE,3,,CASE_EVIDENCE,2,CASE_EVIDENCE,Single-case/series evidence; verify clinical and contextual generalizability.,NOT_RETRACTED,DISCOVERED,https://pmc.ncbi.nlm.nih.gov/articles/PMC11389481/pdf/12888_2024_Article_6055.pdf,,,,2026-09-21T04:47:02.569233+00:00,,Europe PMC REST API; license supplied by Europe PMC core record
EPMC_PMC11860306,The influence of the experience of trauma in childhood and the later development of psychosis. A case report,"Díaz Mayoral C, Setién Preciados P, Arroyo Sánchez E.",2024,,,,https://europepmc.org/article/PMC/PMC11860306,eng,,case study,clinical_psychology,CASE_EVIDENCE,MENTAL_HEALTH,,,case report/case study,,TRUE,,,,,,,TRUE,,,,TRUE,cc-by,LICENSED_OPEN_ACCESS,LICENSE_ALLOWS_REUSE_WITH_ATTRIBUTION,pdfs/EPMC_PMC11860306.pdf,TRUE,3,,CASE_EVIDENCE,1,CASE_EVIDENCE,Single-case/series evidence; verify clinical and contextual generalizability.,NOT_RETRACTED,DISCOVERED,https://pmc.ncbi.nlm.nih.gov/articles/PMC11860306/pdf/S0924933824015694a.pdf,,,,2026-09-21T04:47:02.569233+00:00,,Europe PMC REST API; license supplied by Europe PMC core record
EPMC_PMC11862735,Unraveling a Psychiatric Puzzle: Corticosteroid-Induced Psychosis in Addison’s Disease. A case report,"Mayor Sanabria F, Fernández Fariña M, Expósito Durán M, Regueiro Martín-Albo C, Arroyo Del Val C, Paz Otero M, Alberdi Páramo Í.",2024,,,,https://europepmc.org/article/PMC/PMC11862735,eng,,case study,clinical_psychology,CASE_EVIDENCE,MENTAL_HEALTH,,,case report/case study,,TRUE,,,,,,,TRUE,,,,TRUE,cc-by,LICENSED_OPEN_ACCESS,LICENSE_ALLOWS_REUSE_WITH_ATTRIBUTION,pdfs/EPMC_PMC11862735.pdf,TRUE,3,,CASE_EVIDENCE,1,CASE_EVIDENCE,Single-case/series evidence; verify clinical and contextual generalizability.,NOT_RETRACTED,DISCOVERED,https://pmc.ncbi.nlm.nih.gov/articles/PMC11862735/pdf/S0924933824010186a.pdf,,,,2026-09-21T04:47:02.569233+00:00,,Europe PMC REST API; license supplied by Europe PMC core record
EPMC_PMC11534418,Psychiatric Camouflage: A Case Series.,"S S, Pallurath Thekkethil D, Menon B.",2024,,,10.7759/cureus.72912,https://europepmc.org/article/MED/39498429,eng,,case study,clinical_psychology,CASE_EVIDENCE,MENTAL_HEALTH,,,case report/case study,,TRUE,,,,,,,TRUE,,,,TRUE,cc-by,LICENSED_OPEN_ACCESS,LICENSE_ALLOWS_REUSE_WITH_ATTRIBUTION,pdfs/EPMC_PMC11534418.pdf,TRUE,3,,CASE_EVIDENCE,1,CASE_EVIDENCE,Single-case/series evidence; verify clinical and contextual generalizability.,NOT_RETRACTED,DISCOVERED,https://pmc.ncbi.nlm.nih.gov/articles/PMC11534418/pdf/cureus-0016-00000072912.pdf,,,,2026-09-21T04:47:02.569233+00:00,,Europe PMC REST API; license supplied by Europe PMC core record
EPMC_PMC11100044,Exacerbation of central serous chorioretinopathy during trauma-confronting psychotherapy- a case report.,"Schäflein E, Mardin C, Morawa E, Rudolf S, Erim Y, Rhein C.",2024,,,10.1186/s12888-024-05756-6,https://europepmc.org/article/MED/38755608,eng,,case study,clinical_psychology,CASE_EVIDENCE,PSYCHOTHERAPY,,,case report/case study,,TRUE,,,,,,,TRUE,,,,TRUE,cc-by,LICENSED_OPEN_ACCESS,LICENSE_ALLOWS_REUSE_WITH_ATTRIBUTION,pdfs/EPMC_PMC11100044.pdf,TRUE,3,,CASE_EVIDENCE,2,CASE_EVIDENCE,Single-case/series evidence; verify clinical and contextual generalizability.,NOT_RETRACTED,DISCOVERED,https://pmc.ncbi.nlm.nih.gov/articles/PMC11100044/pdf/12888_2024_Article_5756.pdf,,,,2026-09-21T04:47:02.569233+00:00,,Europe PMC REST API; license supplied by Europe PMC core record
EPMC_PMC11088040,Extreme behavioural and psychological symptoms of dementia: a case study.,"Mulchandani M, Conrad A.",2024,,,10.1186/s12888-024-05785-1,https://europepmc.org/article/MED/38730300,eng,,case study,psychology,CASE_EVIDENCE,CASE_STUDY,,,case report/case study,,TRUE,,,,,,,TRUE,,,,TRUE,cc-by,LICENSED_OPEN_ACCESS,LICENSE_ALLOWS_REUSE_WITH_ATTRIBUTION,pdfs/EPMC_PMC11088040.pdf,TRUE,3,,CASE_EVIDENCE,1,CASE_EVIDENCE,Single-case/series evidence; verify clinical and contextual generalizability.,NOT_RETRACTED,DISCOVERED,https://pmc.ncbi.nlm.nih.gov/articles/PMC11088040/pdf/12888_2024_Article_5785.pdf,,,,2026-09-21T04:47:02.569233+00:00,,Europe PMC REST API; license supplied by Europe PMC core record
EPMC_PMC11182043,Complete remission of depression and anxiety using a ketogenic diet: case series.,"Calabrese L, Frase R, Ghaloo M.",2024,,,10.3389/fnut.2024.1396685,https://europepmc.org/article/MED/38887496,eng,,case study,clinical_psychology,CASE_EVIDENCE,MENTAL_HEALTH,,,case report/case study,,TRUE,,,,,,,TRUE,,,,TRUE,cc-by,LICENSED_OPEN_ACCESS,LICENSE_ALLOWS_REUSE_WITH_ATTRIBUTION,pdfs/EPMC_PMC11182043.pdf,TRUE,3,,CASE_EVIDENCE,1,CASE_EVIDENCE,Single-case/series evidence; verify clinical and contextual generalizability.,NOT_RETRACTED,DISCOVERED,https://pmc.ncbi.nlm.nih.gov/articles/PMC11182043/pdf/fnut-11-1396685.pdf,,,,2026-09-21T04:47:02.569233+00:00,,Europe PMC REST API; license supplied by Europe PMC core record
EPMC_PMC11862187,Epilepsy and psychiatric pathologies: A study of a case series,"Smaoui E, Bouhamed M, Mnif D, Cherif F, Feki I, Masmoudi J.",2024,,,,https://europepmc.org/article/PMC/PMC11862187,eng,,case study,clinical_psychology,CASE_EVIDENCE,MENTAL_HEALTH,,,case report/case study,,TRUE,,,,,,,TRUE,,,,TRUE,cc-by,LICENSED_OPEN_ACCESS,LICENSE_ALLOWS_REUSE_WITH_ATTRIBUTION,pdfs/EPMC_PMC11862187.pdf,TRUE,3,,CASE_EVIDENCE,1,CASE_EVIDENCE,Single-case/series evidence; verify clinical and contextual generalizability.,NOT_RETRACTED,DISCOVERED,https://pmc.ncbi.nlm.nih.gov/articles/PMC11862187/pdf/S0924933824009891a.pdf,,,,2026-09-21T04:47:02.569233+00:00,,Europe PMC REST API; license supplied by Europe PMC core record
EPMC_PMC10769945,Cognitive behavioural therapy for social anxiety disorder in people with bipolar disorder: a case series.,"Pavlova B, Warnock-Parkes E, Alda M, Uher R, Clark DM.",2024,,,10.1186/s40345-023-00321-8,https://europepmc.org/article/MED/38180531,eng,,case study,clinical_psychology,CASE_EVIDENCE,MENTAL_HEALTH,,,case report/case study,,TRUE,,,,,,,TRUE,,,,TRUE,cc-by,LICENSED_OPEN_ACCESS,LICENSE_ALLOWS_REUSE_WITH_ATTRIBUTION,pdfs/EPMC_PMC10769945.pdf,TRUE,3,,CASE_EVIDENCE,1,CASE_EVIDENCE,Single-case/series evidence; verify clinical and contextual generalizability.,NOT_RETRACTED,DISCOVERED,https://pmc.ncbi.nlm.nih.gov/articles/PMC10769945/,,,,2026-09-21T04:47:02.569233+00:00,,Europe PMC REST API; license supplied by Europe PMC core record
EPMC_PMC10945993,Co-designing behavioural activation for depression for autistic adolescents: A case series.,"Mohamed Z, Russell A, Palmer M, Simonoff E, Hollocks MJ.",2024,,,10.1177/13591045241229583,https://europepmc.org/article/MED/38286623,eng,,case study,clinical_psychology,CASE_EVIDENCE,MENTAL_HEALTH,,,case report/case study,,TRUE,,,,,,,TRUE,,,,TRUE,cc-by,LICENSED_OPEN_ACCESS,LICENSE_ALLOWS_REUSE_WITH_ATTRIBUTION,pdfs/EPMC_PMC10945993.pdf,TRUE,3,,CASE_EVIDENCE,1,CASE_EVIDENCE,Single-case/series evidence; verify clinical and contextual generalizability.,NOT_RETRACTED,DISCOVERED,https://pmc.ncbi.nlm.nih.gov/articles/PMC10945993/,,,,2026-09-21T04:47:02.569233+00:00,,Europe PMC REST API; license supplied by Europe PMC core record
EPMC_PMC11861917,"“Folie à deux,” or shared psychosis: A case report","Arroyo Sánchez E, Setién Preciados P, Diaz Mayoral C.",2024,,,,https://europepmc.org/article/PMC/PMC11861917,eng,,case study,clinical_psychology,CASE_EVIDENCE,MENTAL_HEALTH,,,case report/case study,,TRUE,,,,,,,TRUE,,,,TRUE,cc-by,LICENSED_OPEN_ACCESS,LICENSE_ALLOWS_REUSE_WITH_ATTRIBUTION,pdfs/EPMC_PMC11861917.pdf,TRUE,3,,CASE_EVIDENCE,1,CASE_EVIDENCE,Single-case/series evidence; verify clinical and contextual generalizability.,NOT_RETRACTED,DISCOVERED,https://pmc.ncbi.nlm.nih.gov/articles/PMC11861917/,,,,2026-09-21T04:47:02.569233+00:00,,Europe PMC REST API; license supplied by Europe PMC core record
EPMC_PMC11358061,Case report: intracranial lesions in a patient with anxiety and depression: tumor recurrence or radiation encephalopathy?,"You H, He L, Ouyang Z, Yang Y, Xie S, Zhou J, Zhang Y, Shi J.",2024,,,10.3389/fonc.2024.1422765,https://europepmc.org/article/MED/39211558,eng,,case study,clinical_psychology,CASE_EVIDENCE,MENTAL_HEALTH,,,case report/case study,,TRUE,,,,,,,TRUE,,,,TRUE,cc-by,LICENSED_OPEN_ACCESS,LICENSE_ALLOWS_REUSE_WITH_ATTRIBUTION,pdfs/EPMC_PMC11358061.pdf,TRUE,3,,CASE_EVIDENCE,1,CASE_EVIDENCE,Single-case/series evidence; verify clinical and contextual generalizability.,NOT_RETRACTED,DISCOVERED,https://pmc.ncbi.nlm.nih.gov/articles/PMC11358061/,,,,2026-09-21T04:47:02.569233+00:00,,Europe PMC REST API; license supplied by Europe PMC core record
EPMC_PMC7617269,Psychosis associated with cannabis withdrawal: systematic review and case series.,"Chesney E, Reilly TJ, Scott F, Slimani I, Sarma A, Kornblum D, Oliver D, McGuire P.",2025,,,10.1192/bjp.2024.175,https://europepmc.org/article/MED/39624030,eng,,case study,clinical_psychology,CASE_EVIDENCE,MENTAL_HEALTH,,,case report/case study,,TRUE,,,,,,,TRUE,,,,TRUE,cc-by,LICENSED_OPEN_ACCESS,LICENSE_ALLOWS_REUSE_WITH_ATTRIBUTION,pdfs/EPMC_PMC7617269.pdf,TRUE,3,,CASE_EVIDENCE,1,CASE_EVIDENCE,Single-case/series evidence; verify clinical and contextual generalizability.,NOT_RETRACTED,DISCOVERED,https://pmc.ncbi.nlm.nih.gov/articles/PMC7617269/,,,,2026-09-21T04:47:02.569233+00:00,,Europe PMC REST API; license supplied by Europe PMC core record
EPMC_PMC10427233,"Substance Abuse, Depression, and Social Anxiety: Case Study and Application of Cognitive Psychotherapy.",Abu Al-Khair F.,2023,,,10.1155/2023/3430636,https://europepmc.org/article/MED/37588770,eng,,case study,clinical_psychology,CASE_EVIDENCE,PSYCHOTHERAPY,,,case report/case study,,TRUE,,,,,,,TRUE,,,,TRUE,cc-by,LICENSED_OPEN_ACCESS,LICENSE_ALLOWS_REUSE_WITH_ATTRIBUTION,pdfs/EPMC_PMC10427233.pdf,TRUE,3,,CASE_EVIDENCE,2,CASE_EVIDENCE,Single-case/series evidence; verify clinical and contextual generalizability.,NOT_RETRACTED,DISCOVERED,https://pmc.ncbi.nlm.nih.gov/articles/PMC10427233/,,,,2026-09-21T04:47:02.569233+00:00,,Europe PMC REST API; license supplied by Europe PMC core record
EPMC_PMC11859323,Postictal psychosis : Case Report and Literature Review,"Ajmi S, Bouhamed M, Makni K, Hentati S, Feki I, Sallemi R, Masmoudi J.",2024,,,,https://europepmc.org/article/PMC/PMC11859323,eng,,case study,clinical_psychology,CASE_EVIDENCE,MENTAL_HEALTH,,,case report/case study,,TRUE,,,,,,,TRUE,,,,TRUE,cc-by,LICENSED_OPEN_ACCESS,LICENSE_ALLOWS_REUSE_WITH_ATTRIBUTION,pdfs/EPMC_PMC11859323.pdf,TRUE,3,,CASE_EVIDENCE,1,CASE_EVIDENCE,Single-case/series evidence; verify clinical and contextual generalizability.,NOT_RETRACTED,DISCOVERED,https://pmc.ncbi.nlm.nih.gov/articles/PMC11859323/,,,,2026-09-21T04:47:02.569233+00:00,,Europe PMC REST API; license supplied by Europe PMC core record
EPMC_PMC11056504,Case report: Short-term psychotherapy for alexithymia in a patient with generalized anxiety disorder.,"Wang Y, Cao J, Wei J.",2024,,,10.3389/fpsyt.2024.1342398,https://europepmc.org/article/MED/38686127,eng,,case study,clinical_psychology,CASE_EVIDENCE,PSYCHOTHERAPY,,,case report/case study,,TRUE,,,,,,,TRUE,,,,TRUE,cc-by,LICENSED_OPEN_ACCESS,LICENSE_ALLOWS_REUSE_WITH_ATTRIBUTION,pdfs/EPMC_PMC11056504.pdf,TRUE,3,,CASE_EVIDENCE,2,CASE_EVIDENCE,Single-case/series evidence; verify clinical and contextual generalizability.,NOT_RETRACTED,DISCOVERED,https://pmc.ncbi.nlm.nih.gov/articles/PMC11056504/,,,,2026-09-21T04:47:02.569233+00:00,,Europe PMC REST API; license supplied by Europe PMC core record
EPMC_PMC11861267,Differential diagnosis in chronic psychosis: a case report,"Alcalde-Diosdado Crespi C, Almodóvar Rivera M, Vílchez Español F.",2024,,,,https://europepmc.org/article/PMC/PMC11861267,eng,,case study,clinical_psychology,CASE_EVIDENCE,MENTAL_HEALTH,,,case report/case study,,TRUE,,,,,,,TRUE,,,,TRUE,cc-by,LICENSED_OPEN_ACCESS,LICENSE_ALLOWS_REUSE_WITH_ATTRIBUTION,pdfs/EPMC_PMC11861267.pdf,TRUE,3,,CASE_EVIDENCE,1,CASE_EVIDENCE,Single-case/series evidence; verify clinical and contextual generalizability.,NOT_RETRACTED,DISCOVERED,https://pmc.ncbi.nlm.nih.gov/articles/PMC11861267/,,,,2026-09-21T04:47:02.569233+00:00,,Europe PMC REST API; license supplied by Europe PMC core record
EPMC_PMC11557308,Case report: Ketogenic diet alleviated anxiety and depression associated with insulin-dependent diabetes management.,"Winje E, Lake I, Dankel SN.",2024,,,10.3389/fnut.2024.1404842,https://europepmc.org/article/MED/39539363,eng,,case study,clinical_psychology,CASE_EVIDENCE,MENTAL_HEALTH,,,case report/case study,,TRUE,,,,,,,TRUE,,,,TRUE,cc-by,LICENSED_OPEN_ACCESS,LICENSE_ALLOWS_REUSE_WITH_ATTRIBUTION,pdfs/EPMC_PMC11557308.pdf,TRUE,3,,CASE_EVIDENCE,1,CASE_EVIDENCE,Single-case/series evidence; verify clinical and contextual generalizability.,NOT_RETRACTED,DISCOVERED,https://pmc.ncbi.nlm.nih.gov/articles/PMC11557308/,,,,2026-09-21T04:47:02.569233+00:00,,Europe PMC REST API; license supplied by Europe PMC core record
EPMC_PMC11684554,Acute Psychosis as Presenting Symptoms of Vitamin B12 Deficiency: A Case Series.,"Sahoo M, R D, Sahu A.",2024,,,10.7759/cureus.74844,https://europepmc.org/article/MED/39737289,eng,,case study,clinical_psychology,CASE_EVIDENCE,MENTAL_HEALTH,,,case report/case study,,TRUE,,,,,,,TRUE,,,,TRUE,cc-by,LICENSED_OPEN_ACCESS,LICENSE_ALLOWS_REUSE_WITH_ATTRIBUTION,pdfs/EPMC_PMC11684554.pdf,TRUE,3,,CASE_EVIDENCE,1,CASE_EVIDENCE,Single-case/series evidence; verify clinical and contextual generalizability.,NOT_RETRACTED,DISCOVERED,https://pmc.ncbi.nlm.nih.gov/articles/PMC11684554/,,,,2026-09-21T04:47:02.569233+00:00,,Europe PMC REST API; license supplied by Europe PMC core record
EPMC_PMC11351759,Combined Effects of Nasal Ketamine and Trauma-Focused Psychotherapy in Treatment-Resistant Post-Traumatic Stress Disorder: A Pilot Case Series.,"Rohde J, Hickmann E, Buchmann M, Kronenberg G, Vetter S, Seifritz E, Kleim B, Olbrich S.",2024,,,10.3390/bs14080717,https://europepmc.org/article/MED/39199113,eng,,case study,clinical_psychology,CASE_EVIDENCE,PSYCHOTHERAPY,,,case report/case study,,TRUE,,,,,,,TRUE,,,,TRUE,cc-by,LICENSED_OPEN_ACCESS,LICENSE_ALLOWS_REUSE_WITH_ATTRIBUTION,pdfs/EPMC_PMC11351759.pdf,TRUE,3,,CASE_EVIDENCE,2,CASE_EVIDENCE,Single-case/series evidence; verify clinical and contextual generalizability.,NOT_RETRACTED,DISCOVERED,https://pmc.ncbi.nlm.nih.gov/articles/PMC11351759/,,,,2026-09-21T04:47:02.569233+00:00,,Europe PMC REST API; license supplied by Europe PMC core record
EPMC_PMC11577496,Psychosis in Laurence-Moon Syndrome: A Case Report.,"Al Fareh N, Abbas M, Alosaimi FD.",2024,,,10.7759/cureus.72003,https://europepmc.org/article/MED/39569253,eng,,case study,clinical_psychology,CASE_EVIDENCE,MENTAL_HEALTH,,,case report/case study,,TRUE,,,,,,,TRUE,,,,TRUE,cc-by,LICENSED_OPEN_ACCESS,LICENSE_ALLOWS_REUSE_WITH_ATTRIBUTION,pdfs/EPMC_PMC11577496.pdf,TRUE,3,,CASE_EVIDENCE,1,CASE_EVIDENCE,Single-case/series evidence; verify clinical and contextual generalizability.,NOT_RETRACTED,DISCOVERED,https://pmc.ncbi.nlm.nih.gov/articles/PMC11577496/,,,,2026-09-21T04:47:02.569233+00:00,,Europe PMC REST API; license supplied by Europe PMC core record
EPMC_PMC11859191,Hydroxychloroquine in systemic lupus erythematosus and psychosis. A case report,"Martínez Grimal M, Morales Rivero A, Rivero Rodríguez P, Morales Castellano E, Molina Pérez N.",2024,,,,https://europepmc.org/article/PMC/PMC11859191,eng,,case study,clinical_psychology,CASE_EVIDENCE,MENTAL_HEALTH,,,case report/case study,,TRUE,,,,,,,TRUE,,,,TRUE,cc-by,LICENSED_OPEN_ACCESS,LICENSE_ALLOWS_REUSE_WITH_ATTRIBUTION,pdfs/EPMC_PMC11859191.pdf,TRUE,3,,CASE_EVIDENCE,1,CASE_EVIDENCE,Single-case/series evidence; verify clinical and contextual generalizability.,NOT_RETRACTED,DISCOVERED,https://pmc.ncbi.nlm.nih.gov/articles/PMC11859191/,,,,2026-09-21T04:47:02.569233+00:00,,Europe PMC REST API; license supplied by Europe PMC core record
EPMC_PMC11558479,Acute Psychosis and Suicidal Attempt in Hashimoto's Thyroiditis: A Case Report.,"Bokhari SA, Alramahi G, Abulmagd M, Alabrach N.",2024,,,10.7759/cureus.71421,https://europepmc.org/article/MED/39539911,eng,,case study,clinical_psychology,CASE_EVIDENCE,MENTAL_HEALTH,,,case report/case study,,TRUE,,,,,,,TRUE,,,,TRUE,cc-by,LICENSED_OPEN_ACCESS,LICENSE_ALLOWS_REUSE_WITH_ATTRIBUTION,pdfs/EPMC_PMC11558479.pdf,TRUE,3,,CASE_EVIDENCE,1,CASE_EVIDENCE,Single-case/series evidence; verify clinical and contextual generalizability.,NOT_RETRACTED,DISCOVERED,https://pmc.ncbi.nlm.nih.gov/articles/PMC11558479/,,,,2026-09-21T04:47:02.569233+00:00,,Europe PMC REST API; license supplied by Europe PMC core record
EPMC_PMC10864538,Case report: Psychotherapy for enhancing psychological adjustment to dysphoric milk ejection reflex.,Deif R.,2024,,,10.3389/fpsyt.2024.1333572,https://europepmc.org/article/MED/38356909,eng,,case study,clinical_psychology,CASE_EVIDENCE,PSYCHOTHERAPY,,,case report/case study,,TRUE,,,,,,,TRUE,,,,TRUE,cc-by,LICENSED_OPEN_ACCESS,LICENSE_ALLOWS_REUSE_WITH_ATTRIBUTION,pdfs/EPMC_PMC10864538.pdf,TRUE,3,,CASE_EVIDENCE,2,CASE_EVIDENCE,Single-case/series evidence; verify clinical and contextual generalizability.,NOT_RETRACTED,DISCOVERED,https://pmc.ncbi.nlm.nih.gov/articles/PMC10864538/,,,,2026-09-21T04:47:02.569233+00:00,,Europe PMC REST API; license supplied by Europe PMC core record
EPMC_PMC12431759,Depression with comorbid juvenile-onset fibromyalgia syndrome novel treatment plan using interpersonal psychotherapy: A case report.,"Alkhawashki SH, Algarzae N.",2024,,,10.1097/md.0000000000039505,https://europepmc.org/article/MED/39252333,eng,,case study,clinical_psychology,CASE_EVIDENCE,PSYCHOTHERAPY,,,case report/case study,,TRUE,,,,,,,TRUE,,,,TRUE,cc-by,LICENSED_OPEN_ACCESS,LICENSE_ALLOWS_REUSE_WITH_ATTRIBUTION,pdfs/EPMC_PMC12431759.pdf,TRUE,3,,CASE_EVIDENCE,2,CASE_EVIDENCE,Single-case/series evidence; verify clinical and contextual generalizability.,NOT_RETRACTED,DISCOVERED,https://pmc.ncbi.nlm.nih.gov/articles/PMC12431759/,,,,2026-09-21T04:47:02.569233+00:00,,Europe PMC REST API; license supplied by Europe PMC core record
EPMC_PMC11776361,"Post-ICU Syndrome and the ""3 Ds"" in Geriatric Psychiatry: A Complicated Case Report of Major Depression With Psychosis in a 96-Year-Old Woman.","Alshehri WA, Alzaidi AA, Asraf N.",2024,,,10.7759/cureus.76613,https://europepmc.org/article/MED/39881906,eng,,case study,clinical_psychology,CASE_EVIDENCE,MENTAL_HEALTH,,,case report/case study,,TRUE,,,,,,,TRUE,,,,TRUE,cc-by,LICENSED_OPEN_ACCESS,LICENSE_ALLOWS_REUSE_WITH_ATTRIBUTION,pdfs/EPMC_PMC11776361.pdf,TRUE,3,,CASE_EVIDENCE,1,CASE_EVIDENCE,Single-case/series evidence; verify clinical and contextual generalizability.,NOT_RETRACTED,DISCOVERED,https://pmc.ncbi.nlm.nih.gov/articles/PMC11776361/,,,,2026-09-21T04:47:02.569233+00:00,,Europe PMC REST API; license supplied by Europe PMC core record
EPMC_PMC11859413,Esketamine in resistant depression: a case report,"Carrión Expósito L, Chauca Chauca G, Galan Armenteros R, Rodriguez Lopez M.",2024,,,,https://europepmc.org/article/PMC/PMC11859413,eng,,case study,clinical_psychology,CASE_EVIDENCE,MENTAL_HEALTH,,,case report/case study,,TRUE,,,,,,,TRUE,,,,TRUE,cc-by,LICENSED_OPEN_ACCESS,LICENSE_ALLOWS_REUSE_WITH_ATTRIBUTION,pdfs/EPMC_PMC11859413.pdf,TRUE,3,,CASE_EVIDENCE,1,CASE_EVIDENCE,Single-case/series evidence; verify clinical and contextual generalizability.,NOT_RETRACTED,DISCOVERED,https://pmc.ncbi.nlm.nih.gov/articles/PMC11859413/,,,,2026-09-21T04:47:02.569233+00:00,,Europe PMC REST API; license supplied by Europe PMC core record
EPMC_PMC10479109,Psychological Inflexibility in Depression with Psychotic Features: A Case Report,"Akyildirim Cor S, Yetkin S.",2023,,,,https://europepmc.org/article/PMC/PMC10479109,eng,,case study,clinical_psychology,CASE_EVIDENCE,MENTAL_HEALTH,,,case report/case study,,TRUE,,,,,,,TRUE,,,,TRUE,cc-by,LICENSED_OPEN_ACCESS,LICENSE_ALLOWS_REUSE_WITH_ATTRIBUTION,pdfs/EPMC_PMC10479109.pdf,TRUE,3,,CASE_EVIDENCE,1,CASE_EVIDENCE,Single-case/series evidence; verify clinical and contextual generalizability.,NOT_RETRACTED,DISCOVERED,https://pmc.ncbi.nlm.nih.gov/articles/PMC10479109/,,,,2026-09-21T04:47:02.569233+00:00,,Europe PMC REST API; license supplied by Europe PMC core record
EPMC_PMC11543138,Integrated psychiatric and surgical care in managing self-inflicted abdominal trauma: a case report in a resource-limited setting.,Adhikari P.,2024,,,10.1097/ms9.0000000000002593,https://europepmc.org/article/MED/39525769,eng,,case study,clinical_psychology,CASE_EVIDENCE,MENTAL_HEALTH,,,case report/case study,,TRUE,,,,,,,TRUE,,,,TRUE,cc-by,LICENSED_OPEN_ACCESS,LICENSE_ALLOWS_REUSE_WITH_ATTRIBUTION,pdfs/EPMC_PMC11543138.pdf,TRUE,3,,CASE_EVIDENCE,1,CASE_EVIDENCE,Single-case/series evidence; verify clinical and contextual generalizability.,NOT_RETRACTED,DISCOVERED,https://pmc.ncbi.nlm.nih.gov/articles/PMC11543138/,,,,2026-09-21T04:47:02.569233+00:00,,Europe PMC REST API; license supplied by Europe PMC core record
EPMC_PMC11861763,Postpartum Psychosis and Maternal Filicide- Case Report and Literature Review,"Ali O, Islam S, Raai H, Troneci L.",2024,,,,https://europepmc.org/article/PMC/PMC11861763,eng,,case study,clinical_psychology,CASE_EVIDENCE,MENTAL_HEALTH,,,case report/case study,,TRUE,,,,,,,TRUE,,,,TRUE,cc-by,LICENSED_OPEN_ACCESS,LICENSE_ALLOWS_REUSE_WITH_ATTRIBUTION,pdfs/EPMC_PMC11861763.pdf,TRUE,3,,CASE_EVIDENCE,1,CASE_EVIDENCE,Single-case/series evidence; verify clinical and contextual generalizability.,NOT_RETRACTED,DISCOVERED,https://pmc.ncbi.nlm.nih.gov/articles/PMC11861763/,,,,2026-09-21T04:47:02.569233+00:00,,Europe PMC REST API; license supplied by Europe PMC core record
EPMC_PMC11523125,Ziconotide and psychosis: from a case report to a scoping review.,"Peraire M, Gimeno-Vergara R, Pick-Martin J, Boscá M, Echeverria I.",2024,,,10.3389/fnmol.2024.1412855,https://europepmc.org/article/MED/39479264,eng,,case study,clinical_psychology,CASE_EVIDENCE,MENTAL_HEALTH,,,case report/case study,,TRUE,,,,,,,TRUE,,,,TRUE,cc-by,LICENSED_OPEN_ACCESS,LICENSE_ALLOWS_REUSE_WITH_ATTRIBUTION,pdfs/EPMC_PMC11523125.pdf,TRUE,3,,CASE_EVIDENCE,1,CASE_EVIDENCE,Single-case/series evidence; verify clinical and contextual generalizability.,NOT_RETRACTED,DISCOVERED,https://pmc.ncbi.nlm.nih.gov/articles/PMC11523125/,,,,2026-09-21T04:47:02.569233+00:00,,Europe PMC REST API; license supplied by Europe PMC core record
EPMC_PMC11862040,Acute Stress Induced Catatonic Psychosis in an Adolescent: A Case Report,Yerlikaya Oral E.,2024,,,,https://europepmc.org/article/PMC/PMC11862040,eng,,case study,clinical_psychology,CASE_EVIDENCE,MENTAL_HEALTH,,,case report/case study,,TRUE,,,,,,,TRUE,,,,TRUE,cc-by,LICENSED_OPEN_ACCESS,LICENSE_ALLOWS_REUSE_WITH_ATTRIBUTION,pdfs/EPMC_PMC11862040.pdf,TRUE,3,,CASE_EVIDENCE,1,CASE_EVIDENCE,Single-case/series evidence; verify clinical and contextual generalizability.,NOT_RETRACTED,DISCOVERED,https://pmc.ncbi.nlm.nih.gov/articles/PMC11862040/,,,,2026-09-21T04:47:02.569233+00:00,,Europe PMC REST API; license supplied by Europe PMC core record
EPMC_PMC11346827,Implications of Family-Oriented Psychotherapy for Hereditary Angioedema Management: A Case Series.,"Kalladanthyil A, Patel AJ, Gogineni RR.",2024,,,10.7759/cureus.65526,https://europepmc.org/article/MED/39188498,eng,,case study,clinical_psychology,CASE_EVIDENCE,PSYCHOTHERAPY,,,case report/case study,,TRUE,,,,,,,TRUE,,,,TRUE,cc-by,LICENSED_OPEN_ACCESS,LICENSE_ALLOWS_REUSE_WITH_ATTRIBUTION,pdfs/EPMC_PMC11346827.pdf,TRUE,3,,CASE_EVIDENCE,2,CASE_EVIDENCE,Single-case/series evidence; verify clinical and contextual generalizability.,NOT_RETRACTED,DISCOVERED,https://pmc.ncbi.nlm.nih.gov/articles/PMC11346827/,,,,2026-09-21T04:47:02.569233+00:00,,Europe PMC REST API; license supplied by Europe PMC core record
EPMC_PMC11510194,Club Drugs and Psychiatric Outcomes: A Descriptive Case Series from Spain.,"Montemitro C, Mosca A, Chiappini S, Miuli A, Schifano F, Montano MJG, Villar CMD, Allegretti R, Marrangone C, Di Petta G, De Berardis D, Pettorruso M, Martinotti G.",2024,,,10.3390/ph17101387,https://europepmc.org/article/MED/39459026,eng,,case study,clinical_psychology,CASE_EVIDENCE,MENTAL_HEALTH,,,case report/case study,,TRUE,,,,,,,TRUE,,,,TRUE,cc-by,LICENSED_OPEN_ACCESS,LICENSE_ALLOWS_REUSE_WITH_ATTRIBUTION,pdfs/EPMC_PMC11510194.pdf,TRUE,3,,CASE_EVIDENCE,1,CASE_EVIDENCE,Single-case/series evidence; verify clinical and contextual generalizability.,NOT_RETRACTED,DISCOVERED,https://pmc.ncbi.nlm.nih.gov/articles/PMC11510194/,,,,2026-09-21T04:47:02.569233+00:00,,Europe PMC REST API; license supplied by Europe PMC core record
EPMC_PMC11860403,"Intranasal esketamine efficacy as a treatment for treatment-resistant depression, case series","Delgado Marmisa C, Álvarez Correa I, Vizcaíno Herrezuelo H, Egüen Recuero L, Garrido Dobrito E, Gayubo Moreo L, Sanz-Aranguez B, Delgado Tellez L, Caballero Martínez L, De Arce Cordón R, Jiménez-Fernández B.",2024,,,,https://europepmc.org/article/PMC/PMC11860403,eng,,case study,clinical_psychology,CASE_EVIDENCE,MENTAL_HEALTH,,,case report/case study,,TRUE,,,,,,,TRUE,,,,TRUE,cc-by,LICENSED_OPEN_ACCESS,LICENSE_ALLOWS_REUSE_WITH_ATTRIBUTION,pdfs/EPMC_PMC11860403.pdf,TRUE,3,,CASE_EVIDENCE,1,CASE_EVIDENCE,Single-case/series evidence; verify clinical and contextual generalizability.,NOT_RETRACTED,DISCOVERED,https://pmc.ncbi.nlm.nih.gov/articles/PMC11860403/pdf/S0924933824014408a.pdf,,,,2026-09-21T04:47:02.569233+00:00,,Europe PMC REST API; license supplied by Europe PMC core record
EPMC_PMC11859169,‘De Novo’ Psychosis following anterior temporal lobectomy: A case report,"Yoldas S, Yıldırım I, Usta Sağlam N, Özkara Ç.",2024,,,,https://europepmc.org/article/PMC/PMC11859169,eng,,case study,clinical_psychology,CASE_EVIDENCE,MENTAL_HEALTH,,,case report/case study,,TRUE,,,,,,,TRUE,,,,TRUE,cc-by,LICENSED_OPEN_ACCESS,LICENSE_ALLOWS_REUSE_WITH_ATTRIBUTION,pdfs/EPMC_PMC11859169.pdf,TRUE,3,,CASE_EVIDENCE,1,CASE_EVIDENCE,Single-case/series evidence; verify clinical and contextual generalizability.,NOT_RETRACTED,DISCOVERED,https://pmc.ncbi.nlm.nih.gov/articles/PMC11859169/,,,,2026-09-21T04:47:02.569233+00:00,,Europe PMC REST API; license supplied by Europe PMC core record
EPMC_PMC11862202,Differential diagnosis of acute psychosis after cocaine consumption: a case report,"Gimillo Bonaque J, Arroyo Sánchez E, Setién Preciados P, Díaz Mayoral C.",2024,,,,https://europepmc.org/article/PMC/PMC11862202,eng,,case study,clinical_psychology,CASE_EVIDENCE,MENTAL_HEALTH,,,case report/case study,,TRUE,,,,,,,TRUE,,,,TRUE,cc-by,LICENSED_OPEN_ACCESS,LICENSE_ALLOWS_REUSE_WITH_ATTRIBUTION,pdfs/EPMC_PMC11862202.pdf,TRUE,3,,CASE_EVIDENCE,1,CASE_EVIDENCE,Single-case/series evidence; verify clinical and contextual generalizability.,NOT_RETRACTED,DISCOVERED,https://pmc.ncbi.nlm.nih.gov/articles/PMC11862202/,,,,2026-09-21T04:47:02.569233+00:00,,Europe PMC REST API; license supplied by Europe PMC core record
EPMC_PMC11862165,Alcohol-Induced Psychosis: Beyond Korsakoff. Case report and Literature Review,"De Vicente Blanco Á, Orgaz Álvarez B, Ibáñez Mendoza P, Velasco Santos M, Garde González J.",2024,,,,https://europepmc.org/article/PMC/PMC11862165,eng,,case study,clinical_psychology,CASE_EVIDENCE,MENTAL_HEALTH,,,case report/case study,,TRUE,,,,,,,TRUE,,,,TRUE,cc-by,LICENSED_OPEN_ACCESS,LICENSE_ALLOWS_REUSE_WITH_ATTRIBUTION,pdfs/EPMC_PMC11862165.pdf,TRUE,3,,CASE_EVIDENCE,1,CASE_EVIDENCE,Single-case/series evidence; verify clinical and contextual generalizability.,NOT_RETRACTED,DISCOVERED,https://pmc.ncbi.nlm.nih.gov/articles/PMC11862165/,,,,2026-09-21T04:47:02.569233+00:00,,Europe PMC REST API; license supplied by Europe PMC core record
EPMC_PMC11859176,Addressing negative symptoms of schizophrenia in a Psychosis Day Hospital: a case report,"Mayor Sanabria F, Fernández Fonollosa E, Gil Sánchez C, Fuentes Merlos A, González Vivero E, Puyal González S, Fernández Fariña M, Serván Rendon-Luna B.",2024,,,,https://europepmc.org/article/PMC/PMC11859176,eng,,case study,clinical_psychology,CASE_EVIDENCE,MENTAL_HEALTH,,,case report/case study,,TRUE,,,,,,,TRUE,,,,TRUE,cc-by,LICENSED_OPEN_ACCESS,LICENSE_ALLOWS_REUSE_WITH_ATTRIBUTION,pdfs/EPMC_PMC11859176.pdf,TRUE,3,,CASE_EVIDENCE,1,CASE_EVIDENCE,Single-case/series evidence; verify clinical and contextual generalizability.,NOT_RETRACTED,DISCOVERED,https://pmc.ncbi.nlm.nih.gov/articles/PMC11859176/pdf/S0924933824015177a.pdf,,,,2026-09-21T04:47:02.569233+00:00,,Europe PMC REST API; license supplied by Europe PMC core record
EPMC_PMC11859444,Secondary Trauma by Internet Content Moderation: a Case Report,"Martinez-Sadurni L, Casanovas F, Llimona C, Garcia D, Rodriguez-Seoane R, Castro J.",2024,,,,https://europepmc.org/article/PMC/PMC11859444,eng,,case study,clinical_psychology,CASE_EVIDENCE,MENTAL_HEALTH,,,case report/case study,,TRUE,,,,,,,TRUE,,,,TRUE,cc-by,LICENSED_OPEN_ACCESS,LICENSE_ALLOWS_REUSE_WITH_ATTRIBUTION,pdfs/EPMC_PMC11859444.pdf,TRUE,3,,CASE_EVIDENCE,1,CASE_EVIDENCE,Single-case/series evidence; verify clinical and contextual generalizability.,NOT_RETRACTED,DISCOVERED,https://pmc.ncbi.nlm.nih.gov/articles/PMC11859444/pdf/S092493382401383Xa.pdf,,,,2026-09-21T04:47:02.569233+00:00,,Europe PMC REST API; license supplied by Europe PMC core record
EPMC_PMC11276962,Recent and speculative remote myocardial trauma: a case series.,"Lu Z, Zhang X, Huang Y, Song J, Zhang C, Wang Q, Wu H, Huang X.",2024,,,10.1093/ehjcr/ytae349,https://europepmc.org/article/MED/39071536,eng,,case study,clinical_psychology,CASE_EVIDENCE,MENTAL_HEALTH,,,case report/case study,,TRUE,,,,,,,TRUE,,,,TRUE,cc-by,LICENSED_OPEN_ACCESS,LICENSE_ALLOWS_REUSE_WITH_ATTRIBUTION,pdfs/EPMC_PMC11276962.pdf,TRUE,3,,CASE_EVIDENCE,1,CASE_EVIDENCE,Single-case/series evidence; verify clinical and contextual generalizability.,NOT_RETRACTED,DISCOVERED,https://pmc.ncbi.nlm.nih.gov/articles/PMC11276962/pdf/ytae349.pdf,,,,2026-09-21T04:47:02.569233+00:00,,Europe PMC REST API; license supplied by Europe PMC core record
EPMC_PMC11508039,Intractable Belching as a Psychiatric Consequence: A Case Report.,"Hu I, Alef R.",2024,,,10.7759/cureus.70191,https://europepmc.org/article/MED/39463592,eng,,case study,clinical_psychology,CASE_EVIDENCE,MENTAL_HEALTH,,,case report/case study,,TRUE,,,,,,,TRUE,,,,TRUE,cc-by,LICENSED_OPEN_ACCESS,LICENSE_ALLOWS_REUSE_WITH_ATTRIBUTION,pdfs/EPMC_PMC11508039.pdf,TRUE,3,,CASE_EVIDENCE,1,CASE_EVIDENCE,Single-case/series evidence; verify clinical and contextual generalizability.,NOT_RETRACTED,DISCOVERED,https://pmc.ncbi.nlm.nih.gov/articles/PMC11508039/pdf/cureus-0016-00000070191.pdf,,,,2026-09-21T04:47:02.569233+00:00,,Europe PMC REST API; license supplied by Europe PMC core record
EPMC_PMC11859604,"New drugs in the treatment of dual psychosis: use of cariprazine in schizophrenia, other psychotic disorders and use of cocaine. A case series in a specific outpatient psychiatric clinic for substance use disorders.","Montero-Hernandez G, Alberdi-Páramo I, Pérez-Lombardo M, Rodríguez-Quijano J, Pemán-Rodríguez J, Ibáñez-Vizoso J.",2024,,,,https://europepmc.org/article/PMC/PMC11859604,eng,,case study,clinical_psychology,CASE_EVIDENCE,MENTAL_HEALTH,,,case report/case study,,TRUE,,,,,,,TRUE,,,,TRUE,cc-by,LICENSED_OPEN_ACCESS,LICENSE_ALLOWS_REUSE_WITH_ATTRIBUTION,pdfs/EPMC_PMC11859604.pdf,TRUE,3,,CASE_EVIDENCE,1,CASE_EVIDENCE,Single-case/series evidence; verify clinical and contextual generalizability.,NOT_RETRACTED,DISCOVERED,https://pmc.ncbi.nlm.nih.gov/articles/PMC11859604/pdf/S0924933824006138a.pdf,,,,2026-09-21T04:47:02.569233+00:00,,Europe PMC REST API; license supplied by Europe PMC core record
EPMC_PMC11631154,Trichotillomania in a Male Patient With Depression: A Case Report.,"Kontoangelos K, Zafeiropoulou T, Karamparpa AA, Daskalakis E, Stratigos A.",2024,,,10.7759/cureus.73362,https://europepmc.org/article/MED/39659344,eng,,case study,clinical_psychology,CASE_EVIDENCE,MENTAL_HEALTH,,,case report/case study,,TRUE,,,,,,,TRUE,,,,TRUE,cc-by,LICENSED_OPEN_ACCESS,LICENSE_ALLOWS_REUSE_WITH_ATTRIBUTION,pdfs/EPMC_PMC11631154.pdf,TRUE,3,,CASE_EVIDENCE,1,CASE_EVIDENCE,Single-case/series evidence; verify clinical and contextual generalizability.,NOT_RETRACTED,DISCOVERED,https://pmc.ncbi.nlm.nih.gov/articles/PMC11631154/pdf/cureus-0016-00000073362.pdf,,,,2026-09-21T04:47:02.569233+00:00,,Europe PMC REST API; license supplied by Europe PMC core record
EPMC_PMC11671769,Efficacy of Supratherapeutic Duloxetine Combined With Cognitive-Behavioral Therapy in Severe Treatment-Resistant Obsessive-Compulsive Disorder With Comorbid Depression: A Case Report.,"Bokhari SA, Nasr MH, Alawadhi YT.",2024,,,10.7759/cureus.74541,https://europepmc.org/article/MED/39735048,eng,,case study,clinical_psychology,CASE_EVIDENCE,MENTAL_HEALTH,,,case report/case study,,TRUE,,,,,,,TRUE,,,,TRUE,cc-by,LICENSED_OPEN_ACCESS,LICENSE_ALLOWS_REUSE_WITH_ATTRIBUTION,pdfs/EPMC_PMC11671769.pdf,TRUE,3,,CASE_EVIDENCE,1,CASE_EVIDENCE,Single-case/series evidence; verify clinical and contextual generalizability.,NOT_RETRACTED,DISCOVERED,https://pmc.ncbi.nlm.nih.gov/articles/PMC11671769/pdf/cureus-0016-00000074541.pdf,,,,2026-09-21T04:47:02.569233+00:00,,Europe PMC REST API; license supplied by Europe PMC core record
EPMC_PMC11458663,Characteristics of isoniazid-induced psychosis: a systematic review of case reports and case series.,"B K, Appaji R, Thomas L, Baral T, N S, Chaithra, M SS, Saravu K, Undela K, Rao M.",2024,,,10.1007/s00228-024-03738-x,https://europepmc.org/article/MED/39134879,eng,,case study,clinical_psychology,CASE_EVIDENCE,MENTAL_HEALTH,,,case report/case study,,TRUE,,,,,,,TRUE,,,,TRUE,cc-by,LICENSED_OPEN_ACCESS,LICENSE_ALLOWS_REUSE_WITH_ATTRIBUTION,pdfs/EPMC_PMC11458663.pdf,TRUE,3,,CASE_EVIDENCE,1,CASE_EVIDENCE,Single-case/series evidence; verify clinical and contextual generalizability.,NOT_RETRACTED,DISCOVERED,https://pmc.ncbi.nlm.nih.gov/articles/PMC11458663/pdf/228_2024_Article_3738.pdf,,,,2026-09-21T04:47:02.569233+00:00,,Europe PMC REST API; license supplied by Europe PMC core record
EPMC_PMC11763729,Multidisciplinary Management of Complex Trauma and Burn Injuries: A Case Series of Challenging Clinical Scenarios.,"Alameddine S, Khan N, Purohit SA, Bhambri A, Nerella R.",2024,,,10.7759/cureus.76446,https://europepmc.org/article/MED/39867024,eng,,case study,clinical_psychology,CASE_EVIDENCE,MENTAL_HEALTH,,,case report/case study,,TRUE,,,,,,,TRUE,,,,TRUE,cc-by,LICENSED_OPEN_ACCESS,LICENSE_ALLOWS_REUSE_WITH_ATTRIBUTION,pdfs/EPMC_PMC11763729.pdf,TRUE,3,,CASE_EVIDENCE,1,CASE_EVIDENCE,Single-case/series evidence; verify clinical and contextual generalizability.,NOT_RETRACTED,DISCOVERED,https://pmc.ncbi.nlm.nih.gov/articles/PMC11763729/pdf/cureus-0016-00000076446.pdf,,,,2026-09-21T04:47:02.569233+00:00,,Europe PMC REST API; license supplied by Europe PMC core record
EPMC_PMC11376648,Caffeine-Induced Psychosis: A Case Report and Review of Literature.,"Mannix D, Mulholland K, Byrne F.",2024,,,10.7759/cureus.66306,https://europepmc.org/article/MED/39238723,eng,,case study,clinical_psychology,CASE_EVIDENCE,MENTAL_HEALTH,,,case report/case study,,TRUE,,,,,,,TRUE,,,,TRUE,cc-by,LICENSED_OPEN_ACCESS,LICENSE_ALLOWS_REUSE_WITH_ATTRIBUTION,pdfs/EPMC_PMC11376648.pdf,TRUE,3,,CASE_EVIDENCE,1,CASE_EVIDENCE,Single-case/series evidence; verify clinical and contextual generalizability.,NOT_RETRACTED,DISCOVERED,https://pmc.ncbi.nlm.nih.gov/articles/PMC11376648/pdf/cureus-0016-00000066306.pdf,,,,2026-09-21T04:47:02.569233+00:00,,Europe PMC REST API; license supplied by Europe PMC core record
EPMC_PMC11480000,Unique Clinical and Psychiatric Challenges in Elderly Patients With Guillain-Barré Syndrome: A Case Series.,Obara K.,2024,,,10.7759/cureus.69478,https://europepmc.org/article/MED/39416575,eng,,case study,clinical_psychology,CASE_EVIDENCE,MENTAL_HEALTH,,,case report/case study,,TRUE,,,,,,,TRUE,,,,TRUE,cc-by,LICENSED_OPEN_ACCESS,LICENSE_ALLOWS_REUSE_WITH_ATTRIBUTION,pdfs/EPMC_PMC11480000.pdf,TRUE,3,,CASE_EVIDENCE,1,CASE_EVIDENCE,Single-case/series evidence; verify clinical and contextual generalizability.,NOT_RETRACTED,DISCOVERED,https://pmc.ncbi.nlm.nih.gov/articles/PMC11480000/,,,,2026-09-21T04:47:02.569233+00:00,,Europe PMC REST API; license supplied by Europe PMC core record
EPMC_PMC11596444,Gong's acupuncture treatment for mid pregnancy insomnia and anxiety: A case report.,"Wu K, Yu A, Liu Z, Gao X, Ding Y, Shi Y, Zhang Z.",2024,,,10.1097/md.0000000000040698,https://europepmc.org/article/MED/39809161,eng,,case study,clinical_psychology,CASE_EVIDENCE,MENTAL_HEALTH,,,case report/case study,,TRUE,,,,,,,TRUE,,,,TRUE,cc-by,LICENSED_OPEN_ACCESS,LICENSE_ALLOWS_REUSE_WITH_ATTRIBUTION,pdfs/EPMC_PMC11596444.pdf,TRUE,3,,CASE_EVIDENCE,1,CASE_EVIDENCE,Single-case/series evidence; verify clinical and contextual generalizability.,NOT_RETRACTED,DISCOVERED,https://pmc.ncbi.nlm.nih.gov/articles/PMC11596444/,,,,2026-09-21T04:47:02.569233+00:00,,Europe PMC REST API; license supplied by Europe PMC core record
EPMC_PMC11479592,Neurovascular Grafting in Complex Upper Extremity Trauma: A Case Series Report.,"Beyuma-Mora HE, Morales-Gonzalez JC, Zavala-Elizondo E, Villalobos-Salazar VI, Ruelas-Pérez JI.",2024,,,10.7759/cureus.69467,https://europepmc.org/article/MED/39411609,eng,,case study,clinical_psychology,CASE_EVIDENCE,MENTAL_HEALTH,,,case report/case study,,TRUE,,,,,,,TRUE,,,,TRUE,cc-by,LICENSED_OPEN_ACCESS,LICENSE_ALLOWS_REUSE_WITH_ATTRIBUTION,pdfs/EPMC_PMC11479592.pdf,TRUE,3,,CASE_EVIDENCE,1,CASE_EVIDENCE,Single-case/series evidence; verify clinical and contextual generalizability.,NOT_RETRACTED,DISCOVERED,https://pmc.ncbi.nlm.nih.gov/articles/PMC11479592/,,,,2026-09-21T04:47:02.569233+00:00,,Europe PMC REST API; license supplied by Europe PMC core record
EPMC_PMC11700541,Sunshine and Sadness: A Case Report on Summer Season Depression.,"Shidhore N, Mangot A.",2024,,,10.7759/cureus.75190,https://europepmc.org/article/MED/39759719,eng,,case study,clinical_psychology,CASE_EVIDENCE,MENTAL_HEALTH,,,case report/case study,,TRUE,,,,,,,TRUE,,,,TRUE,cc-by,LICENSED_OPEN_ACCESS,LICENSE_ALLOWS_REUSE_WITH_ATTRIBUTION,pdfs/EPMC_PMC11700541.pdf,TRUE,3,,CASE_EVIDENCE,1,CASE_EVIDENCE,Single-case/series evidence; verify clinical and contextual generalizability.,NOT_RETRACTED,DISCOVERED,https://pmc.ncbi.nlm.nih.gov/articles/PMC11700541/,,,,2026-09-21T04:47:02.569233+00:00,,Europe PMC REST API; license supplied by Europe PMC core record
EPMC_PMC11859199,"Psychotic Depression, Mannerisms and Alzheimer’s Disease: a case report","Izquierdo De La Puente A, del Sol Calderón P, Fernandez Fernandez R.",2024,,,,https://europepmc.org/article/PMC/PMC11859199,eng,,case study,clinical_psychology,CASE_EVIDENCE,MENTAL_HEALTH,,,case report/case study,,TRUE,,,,,,,TRUE,,,,TRUE,cc-by,LICENSED_OPEN_ACCESS,LICENSE_ALLOWS_REUSE_WITH_ATTRIBUTION,pdfs/EPMC_PMC11859199.pdf,TRUE,3,,CASE_EVIDENCE,1,CASE_EVIDENCE,Single-case/series evidence; verify clinical and contextual generalizability.,NOT_RETRACTED,DISCOVERED,https://pmc.ncbi.nlm.nih.gov/articles/PMC11859199/,,,,2026-09-21T04:47:02.569233+00:00,,Europe PMC REST API; license supplied by Europe PMC core record
EPMC_PMC11862466,Deep brain stimulation and psychosis as side effect: A case study,"Selakovic M, Panetsou C, Karkatsoulis T, Tsaklakidou D.",2024,,,,https://europepmc.org/article/PMC/PMC11862466,eng,,case study,clinical_psychology,CASE_EVIDENCE,MENTAL_HEALTH,,,case report/case study,,TRUE,,,,,,,TRUE,,,,TRUE,cc-by,LICENSED_OPEN_ACCESS,LICENSE_ALLOWS_REUSE_WITH_ATTRIBUTION,pdfs/EPMC_PMC11862466.pdf,TRUE,3,,CASE_EVIDENCE,1,CASE_EVIDENCE,Single-case/series evidence; verify clinical and contextual generalizability.,NOT_RETRACTED,DISCOVERED,https://pmc.ncbi.nlm.nih.gov/articles/PMC11862466/,,,,2026-09-21T04:47:02.569233+00:00,,Europe PMC REST API; license supplied by Europe PMC core record
EPMC_PMC11699978,Penetrating Chest Trauma With Right Atrial Rupture: A Case Report.,"Dajenah M, Ahmed F, Thabet A, Dajenah ZM.",2024,,,10.7759/cureus.75171,https://europepmc.org/article/MED/39759707,eng,,case study,clinical_psychology,CASE_EVIDENCE,MENTAL_HEALTH,,,case report/case study,,TRUE,,,,,,,TRUE,,,,TRUE,cc-by,LICENSED_OPEN_ACCESS,LICENSE_ALLOWS_REUSE_WITH_ATTRIBUTION,pdfs/EPMC_PMC11699978.pdf,TRUE,3,,CASE_EVIDENCE,1,CASE_EVIDENCE,Single-case/series evidence; verify clinical and contextual generalizability.,NOT_RETRACTED,DISCOVERED,https://pmc.ncbi.nlm.nih.gov/articles/PMC11699978/,,,,2026-09-21T04:47:02.569233+00:00,,Europe PMC REST API; license supplied by Europe PMC core record
EPMC_PMC10434384,A case report of cognitive behavioural and emotional therapy for depression in an ultra-high risk patient,"Ben Massoued R, Aissa A, Larnaout A, Lansari R, Ouali U, Jomli R.",2023,,,,https://europepmc.org/article/PMC/PMC10434384,eng,,case study,clinical_psychology,CASE_EVIDENCE,PSYCHOTHERAPY,,,case report/case study,,TRUE,,,,,,,TRUE,,,,TRUE,cc-by,LICENSED_OPEN_ACCESS,LICENSE_ALLOWS_REUSE_WITH_ATTRIBUTION,pdfs/EPMC_PMC10434384.pdf,TRUE,3,,CASE_EVIDENCE,2,CASE_EVIDENCE,Single-case/series evidence; verify clinical and contextual generalizability.,NOT_RETRACTED,DISCOVERED,https://pmc.ncbi.nlm.nih.gov/articles/PMC10434384/,,,,2026-09-21T04:47:02.569233+00:00,,Europe PMC REST API; license supplied by Europe PMC core record
EPMC_PMC11659228,Psilocybin-assisted psychotherapy for methamphetamine dependence: a case report involving daily methamphetamine use.,"Brett J, Knock E, Watson K, Albert S, Siefried KJ, Guss J.",2024,,,10.3389/fpsyt.2024.1490907,https://europepmc.org/article/MED/39713770,eng,,case study,clinical_psychology,CASE_EVIDENCE,PSYCHOTHERAPY,,,case report/case study,,TRUE,,,,,,,TRUE,,,,TRUE,cc-by,LICENSED_OPEN_ACCESS,LICENSE_ALLOWS_REUSE_WITH_ATTRIBUTION,pdfs/EPMC_PMC11659228.pdf,TRUE,3,,CASE_EVIDENCE,2,CASE_EVIDENCE,Single-case/series evidence; verify clinical and contextual generalizability.,NOT_RETRACTED,DISCOVERED,https://pmc.ncbi.nlm.nih.gov/articles/PMC11659228/,,,,2026-09-21T04:47:02.569233+00:00,,Europe PMC REST API; license supplied by Europe PMC core record
EPMC_PMC11289768,Serotoninergic antidepressants combination in psilocybin-assisted psychotherapy: a case report.,"Do A, Michaud V, Stephan JF, Moreau M, Benoît É, Bérubé FA, Bibaud-De Serres A, Taillefer A, Vincent P.",2024,,,10.3389/fpsyt.2024.1394962,https://europepmc.org/article/MED/39086732,eng,,case study,clinical_psychology,CASE_EVIDENCE,PSYCHOTHERAPY,,,case report/case study,,TRUE,,,,,,,TRUE,,,,TRUE,cc-by,LICENSED_OPEN_ACCESS,LICENSE_ALLOWS_REUSE_WITH_ATTRIBUTION,pdfs/EPMC_PMC11289768.pdf,TRUE,3,,CASE_EVIDENCE,2,CASE_EVIDENCE,Single-case/series evidence; verify clinical and contextual generalizability.,NOT_RETRACTED,DISCOVERED,https://pmc.ncbi.nlm.nih.gov/articles/PMC11289768/,,,,2026-09-21T04:47:02.569233+00:00,,Europe PMC REST API; license supplied by Europe PMC core record
EPMC_PMC11737939,Diagnosis and Treatment of Anxiety Disorders in Autistic Patients: A Case Report,Govender A.,2024,,,,https://europepmc.org/article/PMC/PMC11737939,eng,,case study,clinical_psychology,CASE_EVIDENCE,MENTAL_HEALTH,,,case report/case study,,TRUE,,,,,,,TRUE,,,,TRUE,cc-by,LICENSED_OPEN_ACCESS,LICENSE_ALLOWS_REUSE_WITH_ATTRIBUTION,pdfs/EPMC_PMC11737939.pdf,TRUE,3,,CASE_EVIDENCE,1,CASE_EVIDENCE,Single-case/series evidence; verify clinical and contextual generalizability.,NOT_RETRACTED,DISCOVERED,https://pmc.ncbi.nlm.nih.gov/articles/PMC11737939/,,,,2026-09-21T04:47:02.569233+00:00,,Europe PMC REST API; license supplied by Europe PMC core record
EPMC_PMC10969061,Pre-Admission Oral Clonidine to Reduce Severe Pre-Operative Anxiety in Pediatric Patients with Behavioral Disorders: A Case Series.,"Verdecchia N, Nelson R, White S, Cladis F.",2024,,,10.3390/children11030264,https://europepmc.org/article/MED/38539299,eng,,case study,clinical_psychology,CASE_EVIDENCE,MENTAL_HEALTH,,,case report/case study,,TRUE,,,,,,,TRUE,,,,TRUE,cc-by,LICENSED_OPEN_ACCESS,LICENSE_ALLOWS_REUSE_WITH_ATTRIBUTION,pdfs/EPMC_PMC10969061.pdf,TRUE,3,,CASE_EVIDENCE,1,CASE_EVIDENCE,Single-case/series evidence; verify clinical and contextual generalizability.,NOT_RETRACTED,DISCOVERED,https://pmc.ncbi.nlm.nih.gov/articles/PMC10969061/,,,,2026-09-21T04:47:02.569233+00:00,,Europe PMC REST API; license supplied by Europe PMC core record
EPMC_PMC11666477,Case report: Depression in an older patient with dysgeusia as the initial symptom.,"Guo L, He Z.",2024,,,10.3389/fpsyt.2024.1478359,https://europepmc.org/article/MED/39720431,eng,,case study,clinical_psychology,CASE_EVIDENCE,MENTAL_HEALTH,,,case report/case study,,TRUE,,,,,,,TRUE,,,,TRUE,cc-by,LICENSED_OPEN_ACCESS,LICENSE_ALLOWS_REUSE_WITH_ATTRIBUTION,pdfs/EPMC_PMC11666477.pdf,TRUE,3,,CASE_EVIDENCE,1,CASE_EVIDENCE,Single-case/series evidence; verify clinical and contextual generalizability.,NOT_RETRACTED,DISCOVERED,https://pmc.ncbi.nlm.nih.gov/articles/PMC11666477/,,,,2026-09-21T04:47:02.569233+00:00,,Europe PMC REST API; license supplied by Europe PMC core record
EPMC_PMC11862758,Involuntary Psychiatric Hospitalization of Minors Due to Court Orders: Effectiveness Assessing Through a Case Series,"Yerlikaya Oral E, Tekden M.",2024,,,,https://europepmc.org/article/PMC/PMC11862758,eng,,case study,clinical_psychology,CASE_EVIDENCE,MENTAL_HEALTH,,,case report/case study,,TRUE,,,,,,,TRUE,,,,TRUE,cc-by,LICENSED_OPEN_ACCESS,LICENSE_ALLOWS_REUSE_WITH_ATTRIBUTION,pdfs/EPMC_PMC11862758.pdf,TRUE,3,,CASE_EVIDENCE,1,CASE_EVIDENCE,Single-case/series evidence; verify clinical and contextual generalizability.,NOT_RETRACTED,DISCOVERED,https://pmc.ncbi.nlm.nih.gov/articles/PMC11862758/,,,,2026-09-21T04:47:02.569233+00:00,,Europe PMC REST API; license supplied by Europe PMC core record
EPMC_PMC11495069,The role of eco-anxiety in the presentation of bulimia nervosa: a case report.,"Runfola CD, Safer DL.",2024,,,10.1186/s40337-024-01118-5,https://europepmc.org/article/MED/39434189,eng,,case study,clinical_psychology,CASE_EVIDENCE,MENTAL_HEALTH,,,case report/case study,,TRUE,,,,,,,TRUE,,,,TRUE,cc-by,LICENSED_OPEN_ACCESS,LICENSE_ALLOWS_REUSE_WITH_ATTRIBUTION,pdfs/EPMC_PMC11495069.pdf,TRUE,3,,CASE_EVIDENCE,1,CASE_EVIDENCE,Single-case/series evidence; verify clinical and contextual generalizability.,NOT_RETRACTED,DISCOVERED,https://pmc.ncbi.nlm.nih.gov/articles/PMC11495069/,,,,2026-09-21T04:47:02.569233+00:00,,Europe PMC REST API; license supplied by Europe PMC core record
EPMC_PMC11717064,Early-Onset Chondrocalcinosis With Erosive Progression Following Trauma: A Case Report.,Nigro A.,2024,,,10.7759/cureus.75469,https://europepmc.org/article/MED/39791031,eng,,case study,clinical_psychology,CASE_EVIDENCE,MENTAL_HEALTH,,,case report/case study,,TRUE,,,,,,,TRUE,,,,TRUE,cc-by,LICENSED_OPEN_ACCESS,LICENSE_ALLOWS_REUSE_WITH_ATTRIBUTION,pdfs/EPMC_PMC11717064.pdf,TRUE,3,,CASE_EVIDENCE,1,CASE_EVIDENCE,Single-case/series evidence; verify clinical and contextual generalizability.,NOT_RETRACTED,DISCOVERED,https://pmc.ncbi.nlm.nih.gov/articles/PMC11717064/,,,,2026-09-21T04:47:02.569233+00:00,,Europe PMC REST API; license supplied by Europe PMC core record
EPMC_PMC11645507,High-Frequency Cognitive Control Training for Depression: Case Report.,"Vander Zwalmen Y, Hoorelbeke K, Demeester D, Koster EHW.",2024,,,10.2196/56598,https://europepmc.org/article/MED/39612206,eng,,case study,clinical_psychology,CASE_EVIDENCE,MENTAL_HEALTH,,,case report/case study,,TRUE,,,,,,,TRUE,,,,TRUE,cc-by,LICENSED_OPEN_ACCESS,LICENSE_ALLOWS_REUSE_WITH_ATTRIBUTION,pdfs/EPMC_PMC11645507.pdf,TRUE,3,,CASE_EVIDENCE,1,CASE_EVIDENCE,Single-case/series evidence; verify clinical and contextual generalizability.,NOT_RETRACTED,DISCOVERED,https://pmc.ncbi.nlm.nih.gov/articles/PMC11645507/,,,,2026-09-21T04:47:02.569233+00:00,,Europe PMC REST API; license supplied by Europe PMC core record
EPMC_PMC11862056,Thyroid psychosis: when your hormones take over your mind: a case report,"Razki K, Najar C, Ouali U, Ben Aissa S, Jomli R.",2024,,,,https://europepmc.org/article/PMC/PMC11862056,eng,,case study,clinical_psychology,CASE_EVIDENCE,MENTAL_HEALTH,,,case report/case study,,TRUE,,,,,,,TRUE,,,,TRUE,cc-by,LICENSED_OPEN_ACCESS,LICENSE_ALLOWS_REUSE_WITH_ATTRIBUTION,pdfs/EPMC_PMC11862056.pdf,TRUE,3,,CASE_EVIDENCE,1,CASE_EVIDENCE,Single-case/series evidence; verify clinical and contextual generalizability.,NOT_RETRACTED,DISCOVERED,https://pmc.ncbi.nlm.nih.gov/articles/PMC11862056/,,,,2026-09-21T04:47:02.569233+00:00,,Europe PMC REST API; license supplied by Europe PMC core record
EPMC_PMC11859313,First episode psychosis in a young person with a diagnosis of Autistic Spectrum Disorder: A Case report,"Raghvani P, Inogbo C, Damle V.",2024,,,,https://europepmc.org/article/PMC/PMC11859313,eng,,case study,clinical_psychology,CASE_EVIDENCE,MENTAL_HEALTH,,,case report/case study,,TRUE,,,,,,,TRUE,,,,TRUE,cc-by,LICENSED_OPEN_ACCESS,LICENSE_ALLOWS_REUSE_WITH_ATTRIBUTION,pdfs/EPMC_PMC11859313.pdf,TRUE,3,,CASE_EVIDENCE,1,CASE_EVIDENCE,Single-case/series evidence; verify clinical and contextual generalizability.,NOT_RETRACTED,DISCOVERED,https://pmc.ncbi.nlm.nih.gov/articles/PMC11859313/,,,,2026-09-21T04:47:02.569233+00:00,,Europe PMC REST API; license supplied by Europe PMC core record
EPMC_PMC11861401,Psychosis following traumatic brain injury: A case study and a brief overview,"Khiari H, Hakiri A, Rouai S, Ghachem R.",2024,,,,https://europepmc.org/article/PMC/PMC11861401,eng,,case study,clinical_psychology,CASE_EVIDENCE,MENTAL_HEALTH,,,case report/case study,,TRUE,,,,,,,TRUE,,,,TRUE,cc-by,LICENSED_OPEN_ACCESS,LICENSE_ALLOWS_REUSE_WITH_ATTRIBUTION,pdfs/EPMC_PMC11861401.pdf,TRUE,3,,CASE_EVIDENCE,1,CASE_EVIDENCE,Single-case/series evidence; verify clinical and contextual generalizability.,NOT_RETRACTED,DISCOVERED,https://pmc.ncbi.nlm.nih.gov/articles/PMC11861401/,,,,2026-09-21T04:47:02.569233+00:00,,Europe PMC REST API; license supplied by Europe PMC core record
EPMC_PMC11684546,Esophageal Perforation Resulting From Nonaccidental Trauma in a Neonate: A Case Report.,"Almatroud L, Hasan R.",2024,,,10.7759/cureus.74819,https://europepmc.org/article/MED/39737268,eng,,case study,clinical_psychology,CASE_EVIDENCE,MENTAL_HEALTH,,,case report/case study,,TRUE,,,,,,,TRUE,,,,TRUE,cc-by,LICENSED_OPEN_ACCESS,LICENSE_ALLOWS_REUSE_WITH_ATTRIBUTION,pdfs/EPMC_PMC11684546.pdf,TRUE,3,,CASE_EVIDENCE,1,CASE_EVIDENCE,Single-case/series evidence; verify clinical and contextual generalizability.,NOT_RETRACTED,DISCOVERED,https://pmc.ncbi.nlm.nih.gov/articles/PMC11684546/,,,,2026-09-21T04:47:02.569233+00:00,,Europe PMC REST API; license supplied by Europe PMC core record
EPMC_PMC10981500,Methadone Withdrawal-Induced Psychosis: A Case Report.,"Oke O, Sekh MB, Johnson BO, Adeyemo S.",2024,,,10.7759/cureus.55256,https://europepmc.org/article/MED/38558723,eng,,case study,clinical_psychology,CASE_EVIDENCE,MENTAL_HEALTH,,,case report/case study,,TRUE,,,,,,,TRUE,,,,TRUE,cc-by,LICENSED_OPEN_ACCESS,LICENSE_ALLOWS_REUSE_WITH_ATTRIBUTION,pdfs/EPMC_PMC10981500.pdf,TRUE,3,,CASE_EVIDENCE,1,CASE_EVIDENCE,Single-case/series evidence; verify clinical and contextual generalizability.,NOT_RETRACTED,DISCOVERED,https://pmc.ncbi.nlm.nih.gov/articles/PMC10981500/,,,,2026-09-21T04:47:02.569233+00:00,,Europe PMC REST API; license supplied by Europe PMC core record
EPMC_PMC11247784,Pneumonectomy following penetrating trauma with ECMO as postoperative support: case report - (Lung trauma and ECMO).,"Sánchez-Ortiz ÁI, Peña-González D, García AF, Bautista-Rincón DF, García-González CA, Moreno-Angarita A, Álvarez-Ortega AC, Torres-España NF, Cadavid-Alvear EA, Velásquez-Galvis M.",2024,,,10.1186/s13019-024-02862-0,https://europepmc.org/article/MED/39004745,eng,,case study,clinical_psychology,CASE_EVIDENCE,MENTAL_HEALTH,,,case report/case study,,TRUE,,,,,,,TRUE,,,,TRUE,cc-by,LICENSED_OPEN_ACCESS,LICENSE_ALLOWS_REUSE_WITH_ATTRIBUTION,pdfs/EPMC_PMC11247784.pdf,TRUE,3,,CASE_EVIDENCE,1,CASE_EVIDENCE,Single-case/series evidence; verify clinical and contextual generalizability.,NOT_RETRACTED,DISCOVERED,https://pmc.ncbi.nlm.nih.gov/articles/PMC11247784/,,,,2026-09-21T04:47:02.569233+00:00,,Europe PMC REST API; license supplied by Europe PMC core record
EPMC_PMC10133570,Application of interpersonal psychotherapy for late-life depression in China: A case report.,"Xu H, Koszycki D.",2023,,,10.3389/fpsyt.2023.1167982,https://europepmc.org/article/MED/37124250,eng,,case study,clinical_psychology,CASE_EVIDENCE,PSYCHOTHERAPY,,,case report/case study,,TRUE,,,,,,,TRUE,,,,TRUE,cc-by,LICENSED_OPEN_ACCESS,LICENSE_ALLOWS_REUSE_WITH_ATTRIBUTION,pdfs/EPMC_PMC10133570.pdf,TRUE,3,,CASE_EVIDENCE,2,CASE_EVIDENCE,Single-case/series evidence; verify clinical and contextual generalizability.,NOT_RETRACTED,DISCOVERED,https://pmc.ncbi.nlm.nih.gov/articles/PMC10133570/,,,,2026-09-21T04:47:02.569233+00:00,,Europe PMC REST API; license supplied by Europe PMC core record
EPMC_PMC11751699,Post-traumatic Acinetobacter baumannii Meningitis Following Penetrating Trauma: A Case Report.,"Hansen W, Dreyer I, Botes L, Domah K, Kashimbode R.",2024,,,10.7759/cureus.76235,https://europepmc.org/article/MED/39845233,eng,,case study,clinical_psychology,CASE_EVIDENCE,MENTAL_HEALTH,,,case report/case study,,TRUE,,,,,,,TRUE,,,,TRUE,cc-by,LICENSED_OPEN_ACCESS,LICENSE_ALLOWS_REUSE_WITH_ATTRIBUTION,pdfs/EPMC_PMC11751699.pdf,TRUE,3,,CASE_EVIDENCE,1,CASE_EVIDENCE,Single-case/series evidence; verify clinical and contextual generalizability.,NOT_RETRACTED,DISCOVERED,https://pmc.ncbi.nlm.nih.gov/articles/PMC11751699/,,,,2026-09-21T04:47:02.569233+00:00,,Europe PMC REST API; license supplied by Europe PMC core record
EPMC_PMC11646144,High Prescribing: A Case Study of High-Potency Medicinal Cannabis Inducing Psychosis.,"Bradlow RCJ, Wright S, Szrajbman Vaz Da Silva A, Armstrong F.",2024,,,10.1155/crps/8870476,https://europepmc.org/article/MED/39677025,eng,,case study,clinical_psychology,CASE_EVIDENCE,MENTAL_HEALTH,,,case report/case study,,TRUE,,,,,,,TRUE,,,,TRUE,cc-by,LICENSED_OPEN_ACCESS,LICENSE_ALLOWS_REUSE_WITH_ATTRIBUTION,pdfs/EPMC_PMC11646144.pdf,TRUE,3,,CASE_EVIDENCE,1,CASE_EVIDENCE,Single-case/series evidence; verify clinical and contextual generalizability.,NOT_RETRACTED,DISCOVERED,https://pmc.ncbi.nlm.nih.gov/articles/PMC11646144/,,,,2026-09-21T04:47:02.569233+00:00,,Europe PMC REST API; license supplied by Europe PMC core record
