CONCEPT,SOURCE_COUNT,SOURCE_IDS
Auction Theory and Applications,4,SCH-1994-024; SCH-2006-049; SCH-2008-011; SCH-2009-021
Business Strategy and Innovation,1,SCH-1994-030
Conflict Management and Negotiation,1,SCH-1999-016
Consumer Market Behavior and Pricing,1,BAR-2013-009
Corporate Finance and Governance,3,SCH-1994-024; SCH-2008-011; SCH-2009-021
Economic Policies and Impacts,1,SCH-2008-011
Electoral Systems and Political Participation,1,BAR-2004-006
European Union Policy and Governance,1,BAR-2004-006
Game Theory and Applications,2,SCH-2006-049; SCH-2009-021
Game Theory and Voting Systems,1,SCH-2006-049
Good Friday Agreement,1,PEACE-BELFAST-1998-AGREEMENT
"Language, Metaphor, and Cognition",1,SCH-1999-016
"Law, Economics, and Judicial Systems",2,BAR-2000-012; SCH-1994-024
Merger and Competition Analysis,1,BAR-2013-009
Pharmaceutical Economics and Policy,1,BAR-2013-009
Political Influence and Corporate Strategies,1,BAR-2004-006
Team Dynamics and Performance,1,SCH-1999-016
Uruguay Round,1,INT-WTO-MARRAKESH-1994
arbitration,1,INT-WTO-DSU-1994
auction,1,MA-LINKEDIN-MSFT-2016
bidding,1,MA-FITBIT-GOOGLE-2019
board process,3,MA-FITBIT-GOOGLE-2019; MA-LINKEDIN-MSFT-2016; MA-TWITTER-MUSK-2022
co-development,1,PHARMA-PFIZER-BNTX-2020
collective bargaining,1,LAB-ILO-CB-GUIDE-2015
collective security,1,INT-UN-CHARTER-1945
commercialization,1,PHARMA-PFIZER-BNTX-2020
concessions,1,INT-WTO-GATT-1994
consultation,1,INT-WTO-DSU-1994
cost sharing,1,PHARMA-PFIZER-BNTX-2020
counteroffers,1,MA-LINKEDIN-MSFT-2016
diplomacy,22,USGOV-NARA-0001; USGOV-NARA-0002; USGOV-NARA-0003; USGOV-NARA-0004; USGOV-NARA-0005; USGOV-NARA-0006; USGOV-NARA-0007; USGOV-NARA-0008; USGOV-NARA-0009; USGOV-NARA-0010; USGOV-NARA-0011; USGOV-NARA-0012; USGOV-NARA-0013; USGOV-NARA-0014; USGOV-NARA-0015; USGOV-NARA-0016; USGOV-NARA-0017; USGOV-PRES-0001; USGOV-PRES-0002; USGOV-PRES-0003; USGOV-PRES-0004; USGOV-PRES-0005
dispute prevention,1,LAB-ILO-CB-GUIDE-2015
enforcement,1,INT-WTO-TRIPS-1994
equity,2,VC-NVCA-CLIMATE-TS-2024; VC-NVCA-LIFESCI-TS-2022
exclusivity,1,MA-LINKEDIN-MSFT-2016
financing,1,MA-TWITTER-MUSK-2022
governance,1,PHARMA-PFIZER-BNTX-2020
implementation,24,INT-WTO-DSU-1994; LAB-ILO-CB-GUIDE-2015; USGOV-NARA-0001; USGOV-NARA-0002; USGOV-NARA-0003; USGOV-NARA-0004; USGOV-NARA-0005; USGOV-NARA-0006; USGOV-NARA-0007; USGOV-NARA-0008; USGOV-NARA-0009; USGOV-NARA-0010; USGOV-NARA-0011; USGOV-NARA-0012; USGOV-NARA-0013; USGOV-NARA-0014; USGOV-NARA-0015; USGOV-NARA-0016; USGOV-NARA-0017; USGOV-PRES-0001; USGOV-PRES-0002; USGOV-PRES-0003; USGOV-PRES-0004; USGOV-PRES-0005
institution building,1,INT-WTO-MARRAKESH-1994
intellectual property,1,INT-WTO-TRIPS-1994
international organization,1,INT-UN-CHARTER-1945
interpretation,1,INT-UN-VCLT-1969
labor negotiation,1,LAB-ILO-CB-GUIDE-2015
leverage,22,USGOV-NARA-0001; USGOV-NARA-0002; USGOV-NARA-0003; USGOV-NARA-0004; USGOV-NARA-0005; USGOV-NARA-0006; USGOV-NARA-0007; USGOV-NARA-0008; USGOV-NARA-0009; USGOV-NARA-0010; USGOV-NARA-0011; USGOV-NARA-0012; USGOV-NARA-0013; USGOV-NARA-0014; USGOV-NARA-0015; USGOV-NARA-0016; USGOV-NARA-0017; USGOV-PRES-0001; USGOV-PRES-0002; USGOV-PRES-0003; USGOV-PRES-0004; USGOV-PRES-0005
licensing,2,INT-WTO-TRIPS-1994; PHARMA-PFIZER-BNTX-2020
mediation,1,INT-WTO-DSU-1994
merger agreement,1,MA-FITBIT-GOOGLE-2019
merger negotiation,1,MA-TWITTER-MUSK-2022
milestones,2,VC-NVCA-CLIMATE-TS-2024; VC-NVCA-LIFESCI-TS-2022
multilateral negotiation,1,INT-UN-CHARTER-1945
negotiation,22,USGOV-NARA-0001; USGOV-NARA-0002; USGOV-NARA-0003; USGOV-NARA-0004; USGOV-NARA-0005; USGOV-NARA-0006; USGOV-NARA-0007; USGOV-NARA-0008; USGOV-NARA-0009; USGOV-NARA-0010; USGOV-NARA-0011; USGOV-NARA-0012; USGOV-NARA-0013; USGOV-NARA-0014; USGOV-NARA-0015; USGOV-NARA-0016; USGOV-NARA-0017; USGOV-PRES-0001; USGOV-PRES-0002; USGOV-PRES-0003; USGOV-PRES-0004; USGOV-PRES-0005
offers,24,MA-FITBIT-GOOGLE-2019; MA-LINKEDIN-MSFT-2016; USGOV-NARA-0001; USGOV-NARA-0002; USGOV-NARA-0003; USGOV-NARA-0004; USGOV-NARA-0005; USGOV-NARA-0006; USGOV-NARA-0007; USGOV-NARA-0008; USGOV-NARA-0009; USGOV-NARA-0010; USGOV-NARA-0011; USGOV-NARA-0012; USGOV-NARA-0013; USGOV-NARA-0014; USGOV-NARA-0015; USGOV-NARA-0016; USGOV-NARA-0017; USGOV-PRES-0001; USGOV-PRES-0002; USGOV-PRES-0003; USGOV-PRES-0004; USGOV-PRES-0005
peace negotiation,1,PEACE-BELFAST-1998-AGREEMENT
power sharing,1,PEACE-BELFAST-1998-AGREEMENT
ratification,1,INT-UN-VCLT-1969
reservations,1,INT-UN-VCLT-1969
royalties,2,VC-NVCA-CLIMATE-TS-2024; VC-NVCA-LIFESCI-TS-2022
safeguards,1,INT-WTO-GATT-1994
settlement,1,INT-WTO-DSU-1994
strategic alternatives,1,MA-FITBIT-GOOGLE-2019
strategy,22,USGOV-NARA-0001; USGOV-NARA-0002; USGOV-NARA-0003; USGOV-NARA-0004; USGOV-NARA-0005; USGOV-NARA-0006; USGOV-NARA-0007; USGOV-NARA-0008; USGOV-NARA-0009; USGOV-NARA-0010; USGOV-NARA-0011; USGOV-NARA-0012; USGOV-NARA-0013; USGOV-NARA-0014; USGOV-NARA-0015; USGOV-NARA-0016; USGOV-NARA-0017; USGOV-PRES-0001; USGOV-PRES-0002; USGOV-PRES-0003; USGOV-PRES-0004; USGOV-PRES-0005
sublicensing,2,VC-NVCA-CLIMATE-TS-2024; VC-NVCA-LIFESCI-TS-2022
tariffs,1,INT-WTO-GATT-1994
term sheet,2,VC-NVCA-CLIMATE-TS-2024; VC-NVCA-LIFESCI-TS-2022
termination,2,MA-TWITTER-MUSK-2022; PHARMA-PFIZER-BNTX-2020
termination fee,1,MA-LINKEDIN-MSFT-2016
trade negotiation,3,INT-WTO-GATT-1994; INT-WTO-MARRAKESH-1994; INT-WTO-TRIPS-1994
treaty negotiation,1,INT-UN-VCLT-1969
university licensing,2,VC-NVCA-CLIMATE-TS-2024; VC-NVCA-LIFESCI-TS-2022
unsolicited offer,1,MA-TWITTER-MUSK-2022
