SOURCE_ID,TITLE,URL,ACCESS_DATE,ACCESS_STATUS,PROVENANCE,FILE_PATH,SHA256,BYTES,CONTENT_TYPE,HTTP_STATUS,SOURCE_COLLECTION
USGOV-AF68826A19F04576,Foreign Relations of the United States: frus1931v01,https://static.history.state.gov/frus/frus1931v01/pdf/frus1931v01.pdf,2026-09-21,FAILED,https://history.state.gov/historicaldocuments/frus1931v01,,,,,403,FRUS
USGOV-77243D4E0EE5B1FE,Foreign Relations of the United States: frus1931v02,https://static.history.state.gov/frus/frus1931v02/pdf/frus1931v02.pdf,2026-09-21,FAILED,https://history.state.gov/historicaldocuments/frus1931v02,,,,,403,FRUS
USGOV-AF5E57029380B0E3,Foreign Relations of the United States: frus1931v03,https://static.history.state.gov/frus/frus1931v03/pdf/frus1931v03.pdf,2026-09-21,FAILED,https://history.state.gov/historicaldocuments/frus1931v03,,,,,403,FRUS
USGOV-80B9C2E01B55E7DE,Foreign Relations of the United States: frus1932v01,https://static.history.state.gov/frus/frus1932v01/pdf/frus1932v01.pdf,2026-09-21,FAILED,https://history.state.gov/historicaldocuments/frus1932v01,,,,,403,FRUS
USGOV-986D238E1F334806,Foreign Relations of the United States: frus1932v02,https://static.history.state.gov/frus/frus1932v02/pdf/frus1932v02.pdf,2026-09-21,FAILED,https://history.state.gov/historicaldocuments/frus1932v02,,,,,403,FRUS
USGOV-E2B9D4C86EF87C1C,Foreign Relations of the United States: frus1932v03,https://static.history.state.gov/frus/frus1932v03/pdf/frus1932v03.pdf,2026-09-21,FAILED,https://history.state.gov/historicaldocuments/frus1932v03,,,,,403,FRUS
USGOV-706083025BA56E63,Foreign Relations of the United States: frus1932v04,https://static.history.state.gov/frus/frus1932v04/pdf/frus1932v04.pdf,2026-09-21,FAILED,https://history.state.gov/historicaldocuments/frus1932v04,,,,,403,FRUS
USGOV-8332E9F85C9B1FDA,Foreign Relations of the United States: frus1932v05,https://static.history.state.gov/frus/frus1932v05/pdf/frus1932v05.pdf,2026-09-21,FAILED,https://history.state.gov/historicaldocuments/frus1932v05,,,,,403,FRUS
USGOV-6F5B6E73C3F7BA21,Foreign Relations of the United States: frus1933-39,https://static.history.state.gov/frus/frus1933-39/pdf/frus1933-39.pdf,2026-09-21,FAILED,https://history.state.gov/historicaldocuments/frus1933-39,,,,,403,FRUS
USGOV-5FFB3EFBE8EB3EDC,Foreign Relations of the United States: frus1933v01,https://static.history.state.gov/frus/frus1933v01/pdf/frus1933v01.pdf,2026-09-21,FAILED,https://history.state.gov/historicaldocuments/frus1933v01,,,,,403,FRUS
USGOV-51B0525874A20FE3,Foreign Relations of the United States: frus1933v02,https://static.history.state.gov/frus/frus1933v02/pdf/frus1933v02.pdf,2026-09-21,FAILED,https://history.state.gov/historicaldocuments/frus1933v02,,,,,403,FRUS
USGOV-9B6177C76C832902,Foreign Relations of the United States: frus1933v03,https://static.history.state.gov/frus/frus1933v03/pdf/frus1933v03.pdf,2026-09-21,FAILED,https://history.state.gov/historicaldocuments/frus1933v03,,,,,403,FRUS
USGOV-5EB309322EDA14EB,Foreign Relations of the United States: frus1933v04,https://static.history.state.gov/frus/frus1933v04/pdf/frus1933v04.pdf,2026-09-21,FAILED,https://history.state.gov/historicaldocuments/frus1933v04,,,,,403,FRUS
USGOV-DBC43FBAA50B3BDB,Foreign Relations of the United States: frus1933v05,https://static.history.state.gov/frus/frus1933v05/pdf/frus1933v05.pdf,2026-09-21,FAILED,https://history.state.gov/historicaldocuments/frus1933v05,,,,,403,FRUS
USGOV-1C1176B22A1C6EC3,Foreign Relations of the United States: frus1934v01,https://static.history.state.gov/frus/frus1934v01/pdf/frus1934v01.pdf,2026-09-21,FAILED,https://history.state.gov/historicaldocuments/frus1934v01,,,,,403,FRUS
USGOV-F490C17EAB819656,Foreign Relations of the United States: frus1934v02,https://static.history.state.gov/frus/frus1934v02/pdf/frus1934v02.pdf,2026-09-21,FAILED,https://history.state.gov/historicaldocuments/frus1934v02,,,,,403,FRUS
USGOV-545BD6F527650C50,Foreign Relations of the United States: frus1934v03,https://static.history.state.gov/frus/frus1934v03/pdf/frus1934v03.pdf,2026-09-21,FAILED,https://history.state.gov/historicaldocuments/frus1934v03,,,,,403,FRUS
USGOV-0A76CEB434A775BB,Foreign Relations of the United States: frus1934v04,https://static.history.state.gov/frus/frus1934v04/pdf/frus1934v04.pdf,2026-09-21,FAILED,https://history.state.gov/historicaldocuments/frus1934v04,,,,,403,FRUS
USGOV-3CCCB02BDA1ABCDA,Foreign Relations of the United States: frus1934v05,https://static.history.state.gov/frus/frus1934v05/pdf/frus1934v05.pdf,2026-09-21,FAILED,https://history.state.gov/historicaldocuments/frus1934v05,,,,,403,FRUS
USGOV-BB7275499FC34D29,Foreign Relations of the United States: frus1935v01,https://static.history.state.gov/frus/frus1935v01/pdf/frus1935v01.pdf,2026-09-21,FAILED,https://history.state.gov/historicaldocuments/frus1935v01,,,,,403,FRUS
USGOV-D2BEB03FECCCE5F3,Foreign Relations of the United States: frus1935v02,https://static.history.state.gov/frus/frus1935v02/pdf/frus1935v02.pdf,2026-09-21,FAILED,https://history.state.gov/historicaldocuments/frus1935v02,,,,,403,FRUS
USGOV-8AC3244F0F61597A,Foreign Relations of the United States: frus1935v03,https://static.history.state.gov/frus/frus1935v03/pdf/frus1935v03.pdf,2026-09-21,FAILED,https://history.state.gov/historicaldocuments/frus1935v03,,,,,403,FRUS
USGOV-D5BE80E7AC274320,Foreign Relations of the United States: frus1935v04,https://static.history.state.gov/frus/frus1935v04/pdf/frus1935v04.pdf,2026-09-21,FAILED,https://history.state.gov/historicaldocuments/frus1935v04,,,,,403,FRUS
USGOV-A476BF9FDD1F3917,Foreign Relations of the United States: frus1936v01,https://static.history.state.gov/frus/frus1936v01/pdf/frus1936v01.pdf,2026-09-21,FAILED,https://history.state.gov/historicaldocuments/frus1936v01,,,,,403,FRUS
USGOV-979A8E24DC19C184,Foreign Relations of the United States: frus1936v02,https://static.history.state.gov/frus/frus1936v02/pdf/frus1936v02.pdf,2026-09-21,FAILED,https://history.state.gov/historicaldocuments/frus1936v02,,,,,403,FRUS
USGOV-00AF58813FA6D570,Foreign Relations of the United States: frus1936v03,https://static.history.state.gov/frus/frus1936v03/pdf/frus1936v03.pdf,2026-09-21,FAILED,https://history.state.gov/historicaldocuments/frus1936v03,,,,,403,FRUS
USGOV-473A9519E21D4691,Foreign Relations of the United States: frus1936v04,https://static.history.state.gov/frus/frus1936v04/pdf/frus1936v04.pdf,2026-09-21,FAILED,https://history.state.gov/historicaldocuments/frus1936v04,,,,,403,FRUS
USGOV-ECB11B9DE9BD4476,Foreign Relations of the United States: frus1936v05,https://static.history.state.gov/frus/frus1936v05/pdf/frus1936v05.pdf,2026-09-21,FAILED,https://history.state.gov/historicaldocuments/frus1936v05,,,,,403,FRUS
USGOV-6F468DC864727620,Foreign Relations of the United States: frus1937v01,https://static.history.state.gov/frus/frus1937v01/pdf/frus1937v01.pdf,2026-09-21,FAILED,https://history.state.gov/historicaldocuments/frus1937v01,,,,,403,FRUS
USGOV-B3BEC00A63460D31,Foreign Relations of the United States: frus1937v02,https://static.history.state.gov/frus/frus1937v02/pdf/frus1937v02.pdf,2026-09-21,FAILED,https://history.state.gov/historicaldocuments/frus1937v02,,,,,403,FRUS
USGOV-AF567A8DB6550489,Foreign Relations of the United States: frus1937v03,https://static.history.state.gov/frus/frus1937v03/pdf/frus1937v03.pdf,2026-09-21,FAILED,https://history.state.gov/historicaldocuments/frus1937v03,,,,,403,FRUS
USGOV-4251909489DA370E,Foreign Relations of the United States: frus1937v04,https://static.history.state.gov/frus/frus1937v04/pdf/frus1937v04.pdf,2026-09-21,FAILED,https://history.state.gov/historicaldocuments/frus1937v04,,,,,403,FRUS
USGOV-5DB250A33DF7A5AD,Foreign Relations of the United States: frus1937v05,https://static.history.state.gov/frus/frus1937v05/pdf/frus1937v05.pdf,2026-09-21,FAILED,https://history.state.gov/historicaldocuments/frus1937v05,,,,,403,FRUS
USGOV-579FE8E7D71BEC1A,Foreign Relations of the United States: frus1938v01,https://static.history.state.gov/frus/frus1938v01/pdf/frus1938v01.pdf,2026-09-21,FAILED,https://history.state.gov/historicaldocuments/frus1938v01,,,,,403,FRUS
USGOV-0A5D2F68888734A2,Foreign Relations of the United States: frus1938v02,https://static.history.state.gov/frus/frus1938v02/pdf/frus1938v02.pdf,2026-09-21,FAILED,https://history.state.gov/historicaldocuments/frus1938v02,,,,,403,FRUS
USGOV-1D0D226524DF1BE8,Foreign Relations of the United States: frus1938v03,https://static.history.state.gov/frus/frus1938v03/pdf/frus1938v03.pdf,2026-09-21,FAILED,https://history.state.gov/historicaldocuments/frus1938v03,,,,,403,FRUS
USGOV-DE589EDC787BCB98,Foreign Relations of the United States: frus1938v04,https://static.history.state.gov/frus/frus1938v04/pdf/frus1938v04.pdf,2026-09-21,FAILED,https://history.state.gov/historicaldocuments/frus1938v04,,,,,403,FRUS
USGOV-93974B14991E82E1,Foreign Relations of the United States: frus1938v05,https://static.history.state.gov/frus/frus1938v05/pdf/frus1938v05.pdf,2026-09-21,FAILED,https://history.state.gov/historicaldocuments/frus1938v05,,,,,403,FRUS
USGOV-F4872F62C03BD9E2,Foreign Relations of the United States: frus1939v01,https://static.history.state.gov/frus/frus1939v01/pdf/frus1939v01.pdf,2026-09-21,FAILED,https://history.state.gov/historicaldocuments/frus1939v01,,,,,403,FRUS
USGOV-FBE5A8EB73F0A6E3,Foreign Relations of the United States: frus1939v02,https://static.history.state.gov/frus/frus1939v02/pdf/frus1939v02.pdf,2026-09-21,FAILED,https://history.state.gov/historicaldocuments/frus1939v02,,,,,403,FRUS
USGOV-CFB161A02252E5FD,Foreign Relations of the United States: frus1939v03,https://static.history.state.gov/frus/frus1939v03/pdf/frus1939v03.pdf,2026-09-21,FAILED,https://history.state.gov/historicaldocuments/frus1939v03,,,,,403,FRUS
USGOV-94E2165F4DC91420,Foreign Relations of the United States: frus1939v04,https://static.history.state.gov/frus/frus1939v04/pdf/frus1939v04.pdf,2026-09-21,FAILED,https://history.state.gov/historicaldocuments/frus1939v04,,,,,403,FRUS
USGOV-AE8C41ED5B77B801,Foreign Relations of the United States: frus1939v05,https://static.history.state.gov/frus/frus1939v05/pdf/frus1939v05.pdf,2026-09-21,FAILED,https://history.state.gov/historicaldocuments/frus1939v05,,,,,403,FRUS
USGOV-4F4602BCFBD8DD02,Foreign Relations of the United States: frus1940v01,https://static.history.state.gov/frus/frus1940v01/pdf/frus1940v01.pdf,2026-09-21,FAILED,https://history.state.gov/historicaldocuments/frus1940v01,,,,,403,FRUS
USGOV-27E62980EC230B26,Foreign Relations of the United States: frus1940v02,https://static.history.state.gov/frus/frus1940v02/pdf/frus1940v02.pdf,2026-09-21,FAILED,https://history.state.gov/historicaldocuments/frus1940v02,,,,,403,FRUS
USGOV-A6E52D48A4B3800B,Foreign Relations of the United States: frus1940v03,https://static.history.state.gov/frus/frus1940v03/pdf/frus1940v03.pdf,2026-09-21,FAILED,https://history.state.gov/historicaldocuments/frus1940v03,,,,,403,FRUS
USGOV-39AE56916A9F51CF,Foreign Relations of the United States: frus1940v04,https://static.history.state.gov/frus/frus1940v04/pdf/frus1940v04.pdf,2026-09-21,FAILED,https://history.state.gov/historicaldocuments/frus1940v04,,,,,403,FRUS
USGOV-DE2DDAE72B26E693,Foreign Relations of the United States: frus1940v05,https://static.history.state.gov/frus/frus1940v05/pdf/frus1940v05.pdf,2026-09-21,FAILED,https://history.state.gov/historicaldocuments/frus1940v05,,,,,403,FRUS
USGOV-6E295464254659AB,Foreign Relations of the United States: frus1941-43,https://static.history.state.gov/frus/frus1941-43/pdf/frus1941-43.pdf,2026-09-21,FAILED,https://history.state.gov/historicaldocuments/frus1941-43,,,,,403,FRUS
USGOV-E9D9AD24223D52F5,Foreign Relations of the United States: frus1941v01,https://static.history.state.gov/frus/frus1941v01/pdf/frus1941v01.pdf,2026-09-21,FAILED,https://history.state.gov/historicaldocuments/frus1941v01,,,,,403,FRUS
USGOV-60385EB706D2A6B4,Foreign Relations of the United States: frus1941v02,https://static.history.state.gov/frus/frus1941v02/pdf/frus1941v02.pdf,2026-09-21,FAILED,https://history.state.gov/historicaldocuments/frus1941v02,,,,,403,FRUS
USGOV-026A7ED69EC484E1,Foreign Relations of the United States: frus1941v03,https://static.history.state.gov/frus/frus1941v03/pdf/frus1941v03.pdf,2026-09-21,FAILED,https://history.state.gov/historicaldocuments/frus1941v03,,,,,403,FRUS
USGOV-B559B057022F55F9,Foreign Relations of the United States: frus1941v04,https://static.history.state.gov/frus/frus1941v04/pdf/frus1941v04.pdf,2026-09-21,FAILED,https://history.state.gov/historicaldocuments/frus1941v04,,,,,403,FRUS
USGOV-A9A25AC533A31195,Foreign Relations of the United States: frus1941v05,https://static.history.state.gov/frus/frus1941v05/pdf/frus1941v05.pdf,2026-09-21,FAILED,https://history.state.gov/historicaldocuments/frus1941v05,,,,,403,FRUS
USGOV-C42FC62199608A24,Foreign Relations of the United States: frus1941v06,https://static.history.state.gov/frus/frus1941v06/pdf/frus1941v06.pdf,2026-09-21,FAILED,https://history.state.gov/historicaldocuments/frus1941v06,,,,,403,FRUS
USGOV-FC283440A7A4FE7B,Foreign Relations of the United States: frus1941v07,https://static.history.state.gov/frus/frus1941v07/pdf/frus1941v07.pdf,2026-09-21,FAILED,https://history.state.gov/historicaldocuments/frus1941v07,,,,,403,FRUS
USGOV-280E3379629917C5,Foreign Relations of the United States: frus1942China,https://static.history.state.gov/frus/frus1942China/pdf/frus1942China.pdf,2026-09-21,FAILED,https://history.state.gov/historicaldocuments/frus1942China,,,,,403,FRUS
USGOV-F3C6869C0C3F9284,Foreign Relations of the United States: frus1942v01,https://static.history.state.gov/frus/frus1942v01/pdf/frus1942v01.pdf,2026-09-21,FAILED,https://history.state.gov/historicaldocuments/frus1942v01,,,,,403,FRUS
USGOV-F7081C678DE6C017,Foreign Relations of the United States: frus1942v02,https://static.history.state.gov/frus/frus1942v02/pdf/frus1942v02.pdf,2026-09-21,FAILED,https://history.state.gov/historicaldocuments/frus1942v02,,,,,403,FRUS
USGOV-551A44D3AAFA38DF,Foreign Relations of the United States: frus1942v03,https://static.history.state.gov/frus/frus1942v03/pdf/frus1942v03.pdf,2026-09-21,FAILED,https://history.state.gov/historicaldocuments/frus1942v03,,,,,403,FRUS
USGOV-3BC2B784E4334250,Foreign Relations of the United States: frus1942v04,https://static.history.state.gov/frus/frus1942v04/pdf/frus1942v04.pdf,2026-09-21,FAILED,https://history.state.gov/historicaldocuments/frus1942v04,,,,,403,FRUS
USGOV-11209AEB63BC48EC,Foreign Relations of the United States: frus1942v05,https://static.history.state.gov/frus/frus1942v05/pdf/frus1942v05.pdf,2026-09-21,FAILED,https://history.state.gov/historicaldocuments/frus1942v05,,,,,403,FRUS
USGOV-3551A33876CB3057,Foreign Relations of the United States: frus1942v06,https://static.history.state.gov/frus/frus1942v06/pdf/frus1942v06.pdf,2026-09-21,FAILED,https://history.state.gov/historicaldocuments/frus1942v06,,,,,403,FRUS
USGOV-3C187E7BCF98D65E,Foreign Relations of the United States: frus1943,https://static.history.state.gov/frus/frus1943/pdf/frus1943.pdf,2026-09-21,FAILED,https://history.state.gov/historicaldocuments/frus1943,,,,,403,FRUS
USGOV-AFFE7C6E8249855B,Foreign Relations of the United States: frus1943CairoTehran,https://static.history.state.gov/frus/frus1943CairoTehran/pdf/frus1943CairoTehran.pdf,2026-09-21,FAILED,https://history.state.gov/historicaldocuments/frus1943CairoTehran,,,,,403,FRUS
USGOV-ADA0FAB5C29C83BA,Foreign Relations of the United States: frus1943China,https://static.history.state.gov/frus/frus1943China/pdf/frus1943China.pdf,2026-09-21,FAILED,https://history.state.gov/historicaldocuments/frus1943China,,,,,403,FRUS
USGOV-B0A55128F1E2ADC4,Foreign Relations of the United States: frus1943v01,https://static.history.state.gov/frus/frus1943v01/pdf/frus1943v01.pdf,2026-09-21,FAILED,https://history.state.gov/historicaldocuments/frus1943v01,,,,,403,FRUS
USGOV-872A530152ED193C,Foreign Relations of the United States: frus1943v02,https://static.history.state.gov/frus/frus1943v02/pdf/frus1943v02.pdf,2026-09-21,FAILED,https://history.state.gov/historicaldocuments/frus1943v02,,,,,403,FRUS
USGOV-B6151C9D6CA5567C,Foreign Relations of the United States: frus1943v03,https://static.history.state.gov/frus/frus1943v03/pdf/frus1943v03.pdf,2026-09-21,FAILED,https://history.state.gov/historicaldocuments/frus1943v03,,,,,403,FRUS
USGOV-41ED6F7C130C58F7,Foreign Relations of the United States: frus1943v04,https://static.history.state.gov/frus/frus1943v04/pdf/frus1943v04.pdf,2026-09-21,FAILED,https://history.state.gov/historicaldocuments/frus1943v04,,,,,403,FRUS
USGOV-351821DFB671716C,Foreign Relations of the United States: frus1943v05,https://static.history.state.gov/frus/frus1943v05/pdf/frus1943v05.pdf,2026-09-21,FAILED,https://history.state.gov/historicaldocuments/frus1943v05,,,,,403,FRUS
USGOV-B885A423E24F7AEC,Foreign Relations of the United States: frus1943v06,https://static.history.state.gov/frus/frus1943v06/pdf/frus1943v06.pdf,2026-09-21,FAILED,https://history.state.gov/historicaldocuments/frus1943v06,,,,,403,FRUS
USGOV-1714CC5FEB1C0B76,Foreign Relations of the United States: frus1944Quebec,https://static.history.state.gov/frus/frus1944Quebec/pdf/frus1944Quebec.pdf,2026-09-21,FAILED,https://history.state.gov/historicaldocuments/frus1944Quebec,,,,,403,FRUS
USGOV-5ADDE20A62476403,Foreign Relations of the United States: frus1944v01,https://static.history.state.gov/frus/frus1944v01/pdf/frus1944v01.pdf,2026-09-21,FAILED,https://history.state.gov/historicaldocuments/frus1944v01,,,,,403,FRUS
USGOV-E1C1D1CFDE8DB9BA,Foreign Relations of the United States: frus1944v02,https://static.history.state.gov/frus/frus1944v02/pdf/frus1944v02.pdf,2026-09-21,FAILED,https://history.state.gov/historicaldocuments/frus1944v02,,,,,403,FRUS
USGOV-DA9DF2B6582F17A9,Foreign Relations of the United States: frus1944v03,https://static.history.state.gov/frus/frus1944v03/pdf/frus1944v03.pdf,2026-09-21,FAILED,https://history.state.gov/historicaldocuments/frus1944v03,,,,,403,FRUS
USGOV-B0CE8EE81F72A6A5,Foreign Relations of the United States: frus1944v04,https://static.history.state.gov/frus/frus1944v04/pdf/frus1944v04.pdf,2026-09-21,FAILED,https://history.state.gov/historicaldocuments/frus1944v04,,,,,403,FRUS
USGOV-07F2914387305942,Foreign Relations of the United States: frus1944v05,https://static.history.state.gov/frus/frus1944v05/pdf/frus1944v05.pdf,2026-09-21,FAILED,https://history.state.gov/historicaldocuments/frus1944v05,,,,,403,FRUS
USGOV-4CD07B6C88FCECC0,Foreign Relations of the United States: frus1944v06,https://static.history.state.gov/frus/frus1944v06/pdf/frus1944v06.pdf,2026-09-21,FAILED,https://history.state.gov/historicaldocuments/frus1944v06,,,,,403,FRUS
USGOV-72F8D0E8B008528A,Foreign Relations of the United States: frus1944v07,https://static.history.state.gov/frus/frus1944v07/pdf/frus1944v07.pdf,2026-09-21,FAILED,https://history.state.gov/historicaldocuments/frus1944v07,,,,,403,FRUS
USGOV-EB0353661AB00F39,Foreign Relations of the United States: frus1945-50Intel,https://static.history.state.gov/frus/frus1945-50Intel/pdf/frus1945-50Intel.pdf,2026-09-21,FAILED,https://history.state.gov/historicaldocuments/frus1945-50Intel,,,,,403,FRUS
USGOV-A92CE67E9828569A,Foreign Relations of the United States: frus1945Berlinv01,https://static.history.state.gov/frus/frus1945Berlinv01/pdf/frus1945Berlinv01.pdf,2026-09-21,FAILED,https://history.state.gov/historicaldocuments/frus1945Berlinv01,,,,,403,FRUS
USGOV-1EDB1B4063F4F66E,Foreign Relations of the United States: frus1945Berlinv02,https://static.history.state.gov/frus/frus1945Berlinv02/pdf/frus1945Berlinv02.pdf,2026-09-21,FAILED,https://history.state.gov/historicaldocuments/frus1945Berlinv02,,,,,403,FRUS
USGOV-6544D5E53452E30C,Foreign Relations of the United States: frus1945Malta,https://static.history.state.gov/frus/frus1945Malta/pdf/frus1945Malta.pdf,2026-09-21,FAILED,https://history.state.gov/historicaldocuments/frus1945Malta,,,,,403,FRUS
USGOV-F5CA437B4A719CC8,Foreign Relations of the United States: frus1945v01,https://static.history.state.gov/frus/frus1945v01/pdf/frus1945v01.pdf,2026-09-21,FAILED,https://history.state.gov/historicaldocuments/frus1945v01,,,,,403,FRUS
USGOV-CBB1BBD91DEBEEE1,Foreign Relations of the United States: frus1945v02,https://static.history.state.gov/frus/frus1945v02/pdf/frus1945v02.pdf,2026-09-21,FAILED,https://history.state.gov/historicaldocuments/frus1945v02,,,,,403,FRUS
USGOV-2FC474468A16681C,Foreign Relations of the United States: frus1945v03,https://static.history.state.gov/frus/frus1945v03/pdf/frus1945v03.pdf,2026-09-21,FAILED,https://history.state.gov/historicaldocuments/frus1945v03,,,,,403,FRUS
USGOV-F2C0C1C4C0335382,Foreign Relations of the United States: frus1945v04,https://static.history.state.gov/frus/frus1945v04/pdf/frus1945v04.pdf,2026-09-21,FAILED,https://history.state.gov/historicaldocuments/frus1945v04,,,,,403,FRUS
USGOV-D459A6346E74E135,Foreign Relations of the United States: frus1945v05,https://static.history.state.gov/frus/frus1945v05/pdf/frus1945v05.pdf,2026-09-21,FAILED,https://history.state.gov/historicaldocuments/frus1945v05,,,,,403,FRUS
USGOV-0478150AB6340744,Foreign Relations of the United States: frus1945v06,https://static.history.state.gov/frus/frus1945v06/pdf/frus1945v06.pdf,2026-09-21,FAILED,https://history.state.gov/historicaldocuments/frus1945v06,,,,,403,FRUS
USGOV-DB1FFB9971DF2312,Foreign Relations of the United States: frus1945v07,https://static.history.state.gov/frus/frus1945v07/pdf/frus1945v07.pdf,2026-09-21,FAILED,https://history.state.gov/historicaldocuments/frus1945v07,,,,,403,FRUS
USGOV-7953363373DF9DAD,Foreign Relations of the United States: frus1945v08,https://static.history.state.gov/frus/frus1945v08/pdf/frus1945v08.pdf,2026-09-21,FAILED,https://history.state.gov/historicaldocuments/frus1945v08,,,,,403,FRUS
USGOV-96C7E334B2668003,Foreign Relations of the United States: frus1945v09,https://static.history.state.gov/frus/frus1945v09/pdf/frus1945v09.pdf,2026-09-21,FAILED,https://history.state.gov/historicaldocuments/frus1945v09,,,,,403,FRUS
USGOV-98B8E4815F988544,Foreign Relations of the United States: frus1946v01,https://static.history.state.gov/frus/frus1946v01/pdf/frus1946v01.pdf,2026-09-21,FAILED,https://history.state.gov/historicaldocuments/frus1946v01,,,,,403,FRUS
USGOV-3DF3DDB74B13D535,Foreign Relations of the United States: frus1946v02,https://static.history.state.gov/frus/frus1946v02/pdf/frus1946v02.pdf,2026-09-21,FAILED,https://history.state.gov/historicaldocuments/frus1946v02,,,,,403,FRUS
USGOV-791241E0B0388B87,Foreign Relations of the United States: frus1946v03,https://static.history.state.gov/frus/frus1946v03/pdf/frus1946v03.pdf,2026-09-21,FAILED,https://history.state.gov/historicaldocuments/frus1946v03,,,,,403,FRUS
USGOV-41172201B9F7C246,Foreign Relations of the United States: frus1946v04,https://static.history.state.gov/frus/frus1946v04/pdf/frus1946v04.pdf,2026-09-21,FAILED,https://history.state.gov/historicaldocuments/frus1946v04,,,,,403,FRUS
USGOV-571BCF1CA044F9BA,Foreign Relations of the United States: frus1946v05,https://static.history.state.gov/frus/frus1946v05/pdf/frus1946v05.pdf,2026-09-21,FAILED,https://history.state.gov/historicaldocuments/frus1946v05,,,,,403,FRUS
USGOV-1924C82437B67CE0,Foreign Relations of the United States: frus1946v06,https://static.history.state.gov/frus/frus1946v06/pdf/frus1946v06.pdf,2026-09-21,FAILED,https://history.state.gov/historicaldocuments/frus1946v06,,,,,403,FRUS
USGOV-D523280DD950A4A3,Foreign Relations of the United States: frus1946v07,https://static.history.state.gov/frus/frus1946v07/pdf/frus1946v07.pdf,2026-09-21,FAILED,https://history.state.gov/historicaldocuments/frus1946v07,,,,,403,FRUS
USGOV-92885BD57836DF25,Foreign Relations of the United States: frus1946v08,https://static.history.state.gov/frus/frus1946v08/pdf/frus1946v08.pdf,2026-09-21,FAILED,https://history.state.gov/historicaldocuments/frus1946v08,,,,,403,FRUS
USGOV-CF6F8650B9CF13CD,Foreign Relations of the United States: frus1946v09,https://static.history.state.gov/frus/frus1946v09/pdf/frus1946v09.pdf,2026-09-21,FAILED,https://history.state.gov/historicaldocuments/frus1946v09,,,,,403,FRUS
USGOV-E720F76C6EE0110A,Foreign Relations of the United States: frus1946v10,https://static.history.state.gov/frus/frus1946v10/pdf/frus1946v10.pdf,2026-09-21,FAILED,https://history.state.gov/historicaldocuments/frus1946v10,,,,,403,FRUS
USGOV-FF33BDB0B52D29CD,Foreign Relations of the United States: frus1946v11,https://static.history.state.gov/frus/frus1946v11/pdf/frus1946v11.pdf,2026-09-21,FAILED,https://history.state.gov/historicaldocuments/frus1946v11,,,,,403,FRUS
USGOV-C7A782A02B51B39C,Foreign Relations of the United States: frus1947v01,https://static.history.state.gov/frus/frus1947v01/pdf/frus1947v01.pdf,2026-09-21,FAILED,https://history.state.gov/historicaldocuments/frus1947v01,,,,,403,FRUS
USGOV-532C7817F89F713D,Foreign Relations of the United States: frus1947v02,https://static.history.state.gov/frus/frus1947v02/pdf/frus1947v02.pdf,2026-09-21,FAILED,https://history.state.gov/historicaldocuments/frus1947v02,,,,,403,FRUS
USGOV-990C0FE48EA91B05,Foreign Relations of the United States: frus1947v03,https://static.history.state.gov/frus/frus1947v03/pdf/frus1947v03.pdf,2026-09-21,FAILED,https://history.state.gov/historicaldocuments/frus1947v03,,,,,403,FRUS
USGOV-FAF608E04F581AEE,Foreign Relations of the United States: frus1947v04,https://static.history.state.gov/frus/frus1947v04/pdf/frus1947v04.pdf,2026-09-21,FAILED,https://history.state.gov/historicaldocuments/frus1947v04,,,,,403,FRUS
USGOV-133C4FF437B4AA05,Foreign Relations of the United States: frus1947v05,https://static.history.state.gov/frus/frus1947v05/pdf/frus1947v05.pdf,2026-09-21,FAILED,https://history.state.gov/historicaldocuments/frus1947v05,,,,,403,FRUS
USGOV-DB06A030D9DAF2D9,Foreign Relations of the United States: frus1947v06,https://static.history.state.gov/frus/frus1947v06/pdf/frus1947v06.pdf,2026-09-21,FAILED,https://history.state.gov/historicaldocuments/frus1947v06,,,,,403,FRUS
USGOV-97DC42886AE9FE1B,Foreign Relations of the United States: frus1947v07,https://static.history.state.gov/frus/frus1947v07/pdf/frus1947v07.pdf,2026-09-21,FAILED,https://history.state.gov/historicaldocuments/frus1947v07,,,,,403,FRUS
USGOV-4E28C86EE56AD47D,Foreign Relations of the United States: frus1947v08,https://static.history.state.gov/frus/frus1947v08/pdf/frus1947v08.pdf,2026-09-21,FAILED,https://history.state.gov/historicaldocuments/frus1947v08,,,,,403,FRUS
USGOV-7E303B122AA334C8,Foreign Relations of the United States: frus1948v01p1,https://static.history.state.gov/frus/frus1948v01p1/pdf/frus1948v01p1.pdf,2026-09-21,FAILED,https://history.state.gov/historicaldocuments/frus1948v01p1,,,,,403,FRUS
USGOV-6FCDA268C683F0FB,Foreign Relations of the United States: frus1948v01p2,https://static.history.state.gov/frus/frus1948v01p2/pdf/frus1948v01p2.pdf,2026-09-21,FAILED,https://history.state.gov/historicaldocuments/frus1948v01p2,,,,,403,FRUS
USGOV-5E6E119BBFA39498,Foreign Relations of the United States: frus1948v02,https://static.history.state.gov/frus/frus1948v02/pdf/frus1948v02.pdf,2026-09-21,FAILED,https://history.state.gov/historicaldocuments/frus1948v02,,,,,403,FRUS
USGOV-9444C2CD4F29678E,Foreign Relations of the United States: frus1948v03,https://static.history.state.gov/frus/frus1948v03/pdf/frus1948v03.pdf,2026-09-21,FAILED,https://history.state.gov/historicaldocuments/frus1948v03,,,,,403,FRUS
USGOV-887C7D33F0EA5174,Foreign Relations of the United States: frus1948v04,https://static.history.state.gov/frus/frus1948v04/pdf/frus1948v04.pdf,2026-09-21,FAILED,https://history.state.gov/historicaldocuments/frus1948v04,,,,,403,FRUS
USGOV-EEF7861835E35ACA,Foreign Relations of the United States: frus1948v05p1,https://static.history.state.gov/frus/frus1948v05p1/pdf/frus1948v05p1.pdf,2026-09-21,FAILED,https://history.state.gov/historicaldocuments/frus1948v05p1,,,,,403,FRUS
USGOV-7DE8231D196CC946,Foreign Relations of the United States: frus1948v05p2,https://static.history.state.gov/frus/frus1948v05p2/pdf/frus1948v05p2.pdf,2026-09-21,FAILED,https://history.state.gov/historicaldocuments/frus1948v05p2,,,,,403,FRUS
USGOV-5C2D215CF452E7AA,Foreign Relations of the United States: frus1948v06,https://static.history.state.gov/frus/frus1948v06/pdf/frus1948v06.pdf,2026-09-21,FAILED,https://history.state.gov/historicaldocuments/frus1948v06,,,,,403,FRUS
USGOV-F1132F1F1431CBD0,Foreign Relations of the United States: frus1948v07,https://static.history.state.gov/frus/frus1948v07/pdf/frus1948v07.pdf,2026-09-21,FAILED,https://history.state.gov/historicaldocuments/frus1948v07,,,,,403,FRUS
USGOV-491B66C1489073F3,Foreign Relations of the United States: frus1948v08,https://static.history.state.gov/frus/frus1948v08/pdf/frus1948v08.pdf,2026-09-21,FAILED,https://history.state.gov/historicaldocuments/frus1948v08,,,,,403,FRUS
USGOV-845DF67432541148,Foreign Relations of the United States: frus1948v09,https://static.history.state.gov/frus/frus1948v09/pdf/frus1948v09.pdf,2026-09-21,FAILED,https://history.state.gov/historicaldocuments/frus1948v09,,,,,403,FRUS
USGOV-2AD95D01C4D59119,Foreign Relations of the United States: frus1949v01,https://static.history.state.gov/frus/frus1949v01/pdf/frus1949v01.pdf,2026-09-21,FAILED,https://history.state.gov/historicaldocuments/frus1949v01,,,,,403,FRUS
USGOV-4C58617A6F48C9F5,Foreign Relations of the United States: frus1949v02,https://static.history.state.gov/frus/frus1949v02/pdf/frus1949v02.pdf,2026-09-21,FAILED,https://history.state.gov/historicaldocuments/frus1949v02,,,,,403,FRUS
USGOV-CAEE5E65FA4081D9,Foreign Relations of the United States: frus1949v03,https://static.history.state.gov/frus/frus1949v03/pdf/frus1949v03.pdf,2026-09-21,FAILED,https://history.state.gov/historicaldocuments/frus1949v03,,,,,403,FRUS
USGOV-535C5C545E6995C5,Foreign Relations of the United States: frus1949v04,https://static.history.state.gov/frus/frus1949v04/pdf/frus1949v04.pdf,2026-09-21,FAILED,https://history.state.gov/historicaldocuments/frus1949v04,,,,,403,FRUS
USGOV-BB27B1EA2720DAD4,Foreign Relations of the United States: frus1949v05,https://static.history.state.gov/frus/frus1949v05/pdf/frus1949v05.pdf,2026-09-21,FAILED,https://history.state.gov/historicaldocuments/frus1949v05,,,,,403,FRUS
USGOV-1381BDA3E3D947A8,Foreign Relations of the United States: frus1949v06,https://static.history.state.gov/frus/frus1949v06/pdf/frus1949v06.pdf,2026-09-21,FAILED,https://history.state.gov/historicaldocuments/frus1949v06,,,,,403,FRUS
USGOV-7E7B87F062804EA4,Foreign Relations of the United States: frus1949v07p1,https://static.history.state.gov/frus/frus1949v07p1/pdf/frus1949v07p1.pdf,2026-09-21,FAILED,https://history.state.gov/historicaldocuments/frus1949v07p1,,,,,403,FRUS
USGOV-19F9D3EDFE795401,Foreign Relations of the United States: frus1949v07p2,https://static.history.state.gov/frus/frus1949v07p2/pdf/frus1949v07p2.pdf,2026-09-21,FAILED,https://history.state.gov/historicaldocuments/frus1949v07p2,,,,,403,FRUS
USGOV-3EA88F018A40577C,Foreign Relations of the United States: frus1949v08,https://static.history.state.gov/frus/frus1949v08/pdf/frus1949v08.pdf,2026-09-21,FAILED,https://history.state.gov/historicaldocuments/frus1949v08,,,,,403,FRUS
USGOV-7D1359CEAA83971A,Foreign Relations of the United States: frus1949v09,https://static.history.state.gov/frus/frus1949v09/pdf/frus1949v09.pdf,2026-09-21,FAILED,https://history.state.gov/historicaldocuments/frus1949v09,,,,,403,FRUS
USGOV-02491D39B5CBABA4,Foreign Relations of the United States: frus1950v01,https://static.history.state.gov/frus/frus1950v01/pdf/frus1950v01.pdf,2026-09-21,FAILED,https://history.state.gov/historicaldocuments/frus1950v01,,,,,403,FRUS
USGOV-4D2F0E6D39269A6A,Foreign Relations of the United States: frus1950v02,https://static.history.state.gov/frus/frus1950v02/pdf/frus1950v02.pdf,2026-09-21,FAILED,https://history.state.gov/historicaldocuments/frus1950v02,,,,,403,FRUS
USGOV-E0EA72D93FB50133,Foreign Relations of the United States: frus1950v03,https://static.history.state.gov/frus/frus1950v03/pdf/frus1950v03.pdf,2026-09-21,FAILED,https://history.state.gov/historicaldocuments/frus1950v03,,,,,403,FRUS
USGOV-D18915325987D5BE,Foreign Relations of the United States: frus1950v04,https://static.history.state.gov/frus/frus1950v04/pdf/frus1950v04.pdf,2026-09-21,FAILED,https://history.state.gov/historicaldocuments/frus1950v04,,,,,403,FRUS
USGOV-3B7D06EB6F8528CA,Foreign Relations of the United States: frus1950v05,https://static.history.state.gov/frus/frus1950v05/pdf/frus1950v05.pdf,2026-09-21,FAILED,https://history.state.gov/historicaldocuments/frus1950v05,,,,,403,FRUS
USGOV-35955E5F5879805B,Foreign Relations of the United States: frus1950v06,https://static.history.state.gov/frus/frus1950v06/pdf/frus1950v06.pdf,2026-09-21,FAILED,https://history.state.gov/historicaldocuments/frus1950v06,,,,,403,FRUS
USGOV-238CB83B4659D90C,Foreign Relations of the United States: frus1950v07,https://static.history.state.gov/frus/frus1950v07/pdf/frus1950v07.pdf,2026-09-21,FAILED,https://history.state.gov/historicaldocuments/frus1950v07,,,,,403,FRUS
USGOV-5C8BF2EDDFC3238D,Foreign Relations of the United States: frus1951-54Iran,https://static.history.state.gov/frus/frus1951-54Iran/pdf/frus1951-54Iran.pdf,2026-09-21,ACQUIRED,https://history.state.gov/historicaldocuments/frus1951-54Iran,GOVERNMENT_BULK/FRUS/697dc3045001__frus1951-54Iran.pdf,697dc30450017402cafcbf54911fd3bc953cab78c2cb389395bd6a30802715d5,3191431,application/pdf,200,FRUS
USGOV-238DBC282DB31137,Foreign Relations of the United States: frus1951-54IranEd2,https://static.history.state.gov/frus/frus1951-54IranEd2/pdf/frus1951-54IranEd2.pdf,2026-09-21,ACQUIRED,https://history.state.gov/historicaldocuments/frus1951-54IranEd2,GOVERNMENT_BULK/FRUS/6871e2a3dc7d__frus1951-54IranEd2.pdf,6871e2a3dc7d93fe894453624fd586949bf75636078f21d1c7b623cf26416dcf,3276412,application/pdf,200,FRUS
USGOV-47C15357EB77B895,Foreign Relations of the United States: frus1951v01,https://static.history.state.gov/frus/frus1951v01/pdf/frus1951v01.pdf,2026-09-21,FAILED,https://history.state.gov/historicaldocuments/frus1951v01,,,,,403,FRUS
USGOV-EF79BC1E4866F102,Foreign Relations of the United States: frus1951v02,https://static.history.state.gov/frus/frus1951v02/pdf/frus1951v02.pdf,2026-09-21,FAILED,https://history.state.gov/historicaldocuments/frus1951v02,,,,,403,FRUS
USGOV-769F7ED211738ADF,Foreign Relations of the United States: frus1951v03p1,https://static.history.state.gov/frus/frus1951v03p1/pdf/frus1951v03p1.pdf,2026-09-21,FAILED,https://history.state.gov/historicaldocuments/frus1951v03p1,,,,,403,FRUS
USGOV-734FF29A507627FC,Foreign Relations of the United States: frus1951v03p2,https://static.history.state.gov/frus/frus1951v03p2/pdf/frus1951v03p2.pdf,2026-09-21,FAILED,https://history.state.gov/historicaldocuments/frus1951v03p2,,,,,403,FRUS
USGOV-CB167B7137C3C86E,Foreign Relations of the United States: frus1951v04p1,https://static.history.state.gov/frus/frus1951v04p1/pdf/frus1951v04p1.pdf,2026-09-21,FAILED,https://history.state.gov/historicaldocuments/frus1951v04p1,,,,,403,FRUS
USGOV-98A8B77C8189148F,Foreign Relations of the United States: frus1951v04p2,https://static.history.state.gov/frus/frus1951v04p2/pdf/frus1951v04p2.pdf,2026-09-21,FAILED,https://history.state.gov/historicaldocuments/frus1951v04p2,,,,,403,FRUS
USGOV-B552BEC0CBAC28D0,Foreign Relations of the United States: frus1951v05,https://static.history.state.gov/frus/frus1951v05/pdf/frus1951v05.pdf,2026-09-21,FAILED,https://history.state.gov/historicaldocuments/frus1951v05,,,,,403,FRUS
USGOV-C5DB4BEF2FA99106,Foreign Relations of the United States: frus1951v06p1,https://static.history.state.gov/frus/frus1951v06p1/pdf/frus1951v06p1.pdf,2026-09-21,FAILED,https://history.state.gov/historicaldocuments/frus1951v06p1,,,,,403,FRUS
USGOV-F096DDB921DA4642,Foreign Relations of the United States: frus1951v06p2,https://static.history.state.gov/frus/frus1951v06p2/pdf/frus1951v06p2.pdf,2026-09-21,FAILED,https://history.state.gov/historicaldocuments/frus1951v06p2,,,,,403,FRUS
USGOV-93F9E79D06592386,Foreign Relations of the United States: frus1951v07p1,https://static.history.state.gov/frus/frus1951v07p1/pdf/frus1951v07p1.pdf,2026-09-21,FAILED,https://history.state.gov/historicaldocuments/frus1951v07p1,,,,,403,FRUS
USGOV-EF866CCD2C344B96,Foreign Relations of the United States: frus1951v07p2,https://static.history.state.gov/frus/frus1951v07p2/pdf/frus1951v07p2.pdf,2026-09-21,FAILED,https://history.state.gov/historicaldocuments/frus1951v07p2,,,,,403,FRUS
USGOV-F0D82FE7F4BDCBC7,Foreign Relations of the United States: frus1952-54Guat,https://static.history.state.gov/frus/frus1952-54Guat/pdf/frus1952-54Guat.pdf,2026-09-21,FAILED,https://history.state.gov/historicaldocuments/frus1952-54Guat,,,,,403,FRUS
USGOV-FD1A9CACE20FA293,Foreign Relations of the United States: frus1952-54v01p1,https://static.history.state.gov/frus/frus1952-54v01p1/pdf/frus1952-54v01p1.pdf,2026-09-21,FAILED,https://history.state.gov/historicaldocuments/frus1952-54v01p1,,,,,403,FRUS
USGOV-ACB1E9814248DF9D,Foreign Relations of the United States: frus1952-54v01p2,https://static.history.state.gov/frus/frus1952-54v01p2/pdf/frus1952-54v01p2.pdf,2026-09-21,FAILED,https://history.state.gov/historicaldocuments/frus1952-54v01p2,,,,,403,FRUS
USGOV-3754A8CE98AD20FC,Foreign Relations of the United States: frus1952-54v02p1,https://static.history.state.gov/frus/frus1952-54v02p1/pdf/frus1952-54v02p1.pdf,2026-09-21,FAILED,https://history.state.gov/historicaldocuments/frus1952-54v02p1,,,,,403,FRUS
USGOV-9B7B02B6E8CDAFFF,Foreign Relations of the United States: frus1952-54v02p2,https://static.history.state.gov/frus/frus1952-54v02p2/pdf/frus1952-54v02p2.pdf,2026-09-21,FAILED,https://history.state.gov/historicaldocuments/frus1952-54v02p2,,,,,403,FRUS
USGOV-8C8939EAE36319DB,Foreign Relations of the United States: frus1952-54v03,https://static.history.state.gov/frus/frus1952-54v03/pdf/frus1952-54v03.pdf,2026-09-21,FAILED,https://history.state.gov/historicaldocuments/frus1952-54v03,,,,,403,FRUS
USGOV-7584482A9835B26B,Foreign Relations of the United States: frus1952-54v04,https://static.history.state.gov/frus/frus1952-54v04/pdf/frus1952-54v04.pdf,2026-09-21,FAILED,https://history.state.gov/historicaldocuments/frus1952-54v04,,,,,403,FRUS
USGOV-CF65F3BC00EB81FF,Foreign Relations of the United States: frus1952-54v05p1,https://static.history.state.gov/frus/frus1952-54v05p1/pdf/frus1952-54v05p1.pdf,2026-09-21,FAILED,https://history.state.gov/historicaldocuments/frus1952-54v05p1,,,,,403,FRUS
USGOV-A89DD84CA6802619,Foreign Relations of the United States: frus1952-54v05p2,https://static.history.state.gov/frus/frus1952-54v05p2/pdf/frus1952-54v05p2.pdf,2026-09-21,FAILED,https://history.state.gov/historicaldocuments/frus1952-54v05p2,,,,,403,FRUS
USGOV-69495A0142B0D833,Foreign Relations of the United States: frus1952-54v06p1,https://static.history.state.gov/frus/frus1952-54v06p1/pdf/frus1952-54v06p1.pdf,2026-09-21,FAILED,https://history.state.gov/historicaldocuments/frus1952-54v06p1,,,,,403,FRUS
USGOV-AADFAACEBD8ABD2C,Foreign Relations of the United States: frus1952-54v06p2,https://static.history.state.gov/frus/frus1952-54v06p2/pdf/frus1952-54v06p2.pdf,2026-09-21,FAILED,https://history.state.gov/historicaldocuments/frus1952-54v06p2,,,,,403,FRUS
USGOV-C7AE7F213A2186F4,Foreign Relations of the United States: frus1952-54v07p1,https://static.history.state.gov/frus/frus1952-54v07p1/pdf/frus1952-54v07p1.pdf,2026-09-21,FAILED,https://history.state.gov/historicaldocuments/frus1952-54v07p1,,,,,403,FRUS
USGOV-7954FA12A1536197,Foreign Relations of the United States: frus1952-54v07p2,https://static.history.state.gov/frus/frus1952-54v07p2/pdf/frus1952-54v07p2.pdf,2026-09-21,FAILED,https://history.state.gov/historicaldocuments/frus1952-54v07p2,,,,,403,FRUS
USGOV-15766880623C2D12,Foreign Relations of the United States: frus1952-54v08,https://static.history.state.gov/frus/frus1952-54v08/pdf/frus1952-54v08.pdf,2026-09-21,FAILED,https://history.state.gov/historicaldocuments/frus1952-54v08,,,,,403,FRUS
USGOV-D1DF27C101714AEF,Foreign Relations of the United States: frus1952-54v09p1,https://static.history.state.gov/frus/frus1952-54v09p1/pdf/frus1952-54v09p1.pdf,2026-09-21,FAILED,https://history.state.gov/historicaldocuments/frus1952-54v09p1,,,,,403,FRUS
USGOV-292ED010336174CF,Foreign Relations of the United States: frus1952-54v09p2,https://static.history.state.gov/frus/frus1952-54v09p2/pdf/frus1952-54v09p2.pdf,2026-09-21,FAILED,https://history.state.gov/historicaldocuments/frus1952-54v09p2,,,,,403,FRUS
USGOV-362C4AA1DD6E108F,Foreign Relations of the United States: frus1952-54v10,https://static.history.state.gov/frus/frus1952-54v10/pdf/frus1952-54v10.pdf,2026-09-21,FAILED,https://history.state.gov/historicaldocuments/frus1952-54v10,,,,,403,FRUS
USGOV-B92FDE352FD25B42,Foreign Relations of the United States: frus1952-54v11p1,https://static.history.state.gov/frus/frus1952-54v11p1/pdf/frus1952-54v11p1.pdf,2026-09-21,FAILED,https://history.state.gov/historicaldocuments/frus1952-54v11p1,,,,,403,FRUS
USGOV-7AACECEAF227F830,Foreign Relations of the United States: frus1952-54v11p2,https://static.history.state.gov/frus/frus1952-54v11p2/pdf/frus1952-54v11p2.pdf,2026-09-21,FAILED,https://history.state.gov/historicaldocuments/frus1952-54v11p2,,,,,403,FRUS
USGOV-921315E6602E8578,Foreign Relations of the United States: frus1952-54v12p1,https://static.history.state.gov/frus/frus1952-54v12p1/pdf/frus1952-54v12p1.pdf,2026-09-21,FAILED,https://history.state.gov/historicaldocuments/frus1952-54v12p1,,,,,403,FRUS
USGOV-907BE3848A10F214,Foreign Relations of the United States: frus1952-54v12p2,https://static.history.state.gov/frus/frus1952-54v12p2/pdf/frus1952-54v12p2.pdf,2026-09-21,FAILED,https://history.state.gov/historicaldocuments/frus1952-54v12p2,,,,,403,FRUS
USGOV-E198AAFA990CDC25,Foreign Relations of the United States: frus1952-54v13p1,https://static.history.state.gov/frus/frus1952-54v13p1/pdf/frus1952-54v13p1.pdf,2026-09-21,FAILED,https://history.state.gov/historicaldocuments/frus1952-54v13p1,,,,,403,FRUS
USGOV-FABBFF6D4232417E,Foreign Relations of the United States: frus1952-54v13p2,https://static.history.state.gov/frus/frus1952-54v13p2/pdf/frus1952-54v13p2.pdf,2026-09-21,FAILED,https://history.state.gov/historicaldocuments/frus1952-54v13p2,,,,,403,FRUS
USGOV-EF8C5477CD1B546A,Foreign Relations of the United States: frus1952-54v14p1,https://static.history.state.gov/frus/frus1952-54v14p1/pdf/frus1952-54v14p1.pdf,2026-09-21,FAILED,https://history.state.gov/historicaldocuments/frus1952-54v14p1,,,,,403,FRUS
USGOV-F8B13823CB812F27,Foreign Relations of the United States: frus1952-54v14p2,https://static.history.state.gov/frus/frus1952-54v14p2/pdf/frus1952-54v14p2.pdf,2026-09-21,FAILED,https://history.state.gov/historicaldocuments/frus1952-54v14p2,,,,,403,FRUS
USGOV-D4FDC98BA3337DF7,Foreign Relations of the United States: frus1952-54v15p1,https://static.history.state.gov/frus/frus1952-54v15p1/pdf/frus1952-54v15p1.pdf,2026-09-21,FAILED,https://history.state.gov/historicaldocuments/frus1952-54v15p1,,,,,403,FRUS
USGOV-2514E93296D70C41,Foreign Relations of the United States: frus1952-54v15p2,https://static.history.state.gov/frus/frus1952-54v15p2/pdf/frus1952-54v15p2.pdf,2026-09-21,FAILED,https://history.state.gov/historicaldocuments/frus1952-54v15p2,,,,,403,FRUS
USGOV-97C4897B867D406C,Foreign Relations of the United States: frus1952-54v16,https://static.history.state.gov/frus/frus1952-54v16/pdf/frus1952-54v16.pdf,2026-09-21,FAILED,https://history.state.gov/historicaldocuments/frus1952-54v16,,,,,403,FRUS
USGOV-5148723340C9B26B,Foreign Relations of the United States: frus1955-57v01,https://static.history.state.gov/frus/frus1955-57v01/pdf/frus1955-57v01.pdf,2026-09-21,FAILED,https://history.state.gov/historicaldocuments/frus1955-57v01,,,,,403,FRUS
USGOV-B9CD845B23070CBC,Foreign Relations of the United States: frus1955-57v02,https://static.history.state.gov/frus/frus1955-57v02/pdf/frus1955-57v02.pdf,2026-09-21,FAILED,https://history.state.gov/historicaldocuments/frus1955-57v02,,,,,403,FRUS
USGOV-4AD26D35B7BAE1FF,Foreign Relations of the United States: frus1955-57v03,https://static.history.state.gov/frus/frus1955-57v03/pdf/frus1955-57v03.pdf,2026-09-21,FAILED,https://history.state.gov/historicaldocuments/frus1955-57v03,,,,,403,FRUS
USGOV-661202414D849425,Foreign Relations of the United States: frus1955-57v03mSupp,https://static.history.state.gov/frus/frus1955-57v03mSupp/pdf/frus1955-57v03mSupp.pdf,2026-09-21,FAILED,https://history.state.gov/historicaldocuments/frus1955-57v03mSupp,,,,,,FRUS
USGOV-4367CB7DFF0A393D,Foreign Relations of the United States: frus1955-57v04,https://static.history.state.gov/frus/frus1955-57v04/pdf/frus1955-57v04.pdf,2026-09-21,FAILED,https://history.state.gov/historicaldocuments/frus1955-57v04,,,,,403,FRUS
USGOV-571D342E6557DC6E,Foreign Relations of the United States: frus1955-57v05,https://static.history.state.gov/frus/frus1955-57v05/pdf/frus1955-57v05.pdf,2026-09-21,FAILED,https://history.state.gov/historicaldocuments/frus1955-57v05,,,,,403,FRUS
USGOV-5E9A82A3E0FC36C5,Foreign Relations of the United States: frus1955-57v06,https://static.history.state.gov/frus/frus1955-57v06/pdf/frus1955-57v06.pdf,2026-09-21,FAILED,https://history.state.gov/historicaldocuments/frus1955-57v06,,,,,403,FRUS
USGOV-3C10D0514612C9AD,Foreign Relations of the United States: frus1955-57v07,https://static.history.state.gov/frus/frus1955-57v07/pdf/frus1955-57v07.pdf,2026-09-21,FAILED,https://history.state.gov/historicaldocuments/frus1955-57v07,,,,,403,FRUS
USGOV-775D7B3A4FD83A7E,Foreign Relations of the United States: frus1955-57v08,https://static.history.state.gov/frus/frus1955-57v08/pdf/frus1955-57v08.pdf,2026-09-21,FAILED,https://history.state.gov/historicaldocuments/frus1955-57v08,,,,,403,FRUS
USGOV-8DDE9841095D9C20,Foreign Relations of the United States: frus1955-57v09,https://static.history.state.gov/frus/frus1955-57v09/pdf/frus1955-57v09.pdf,2026-09-21,FAILED,https://history.state.gov/historicaldocuments/frus1955-57v09,,,,,403,FRUS
USGOV-C437D972EF404ED6,Foreign Relations of the United States: frus1955-57v10,https://static.history.state.gov/frus/frus1955-57v10/pdf/frus1955-57v10.pdf,2026-09-21,FAILED,https://history.state.gov/historicaldocuments/frus1955-57v10,,,,,403,FRUS
USGOV-175B112DE0A9A0CA,Foreign Relations of the United States: frus1955-57v11,https://static.history.state.gov/frus/frus1955-57v11/pdf/frus1955-57v11.pdf,2026-09-21,FAILED,https://history.state.gov/historicaldocuments/frus1955-57v11,,,,,403,FRUS
USGOV-A5835F47C29957D7,Foreign Relations of the United States: frus1955-57v12,https://static.history.state.gov/frus/frus1955-57v12/pdf/frus1955-57v12.pdf,2026-09-21,FAILED,https://history.state.gov/historicaldocuments/frus1955-57v12,,,,,403,FRUS
USGOV-38199CCB66F283D2,Foreign Relations of the United States: frus1955-57v13,https://static.history.state.gov/frus/frus1955-57v13/pdf/frus1955-57v13.pdf,2026-09-21,FAILED,https://history.state.gov/historicaldocuments/frus1955-57v13,,,,,403,FRUS
USGOV-59794D6B456629B7,Foreign Relations of the United States: frus1955-57v14,https://static.history.state.gov/frus/frus1955-57v14/pdf/frus1955-57v14.pdf,2026-09-21,FAILED,https://history.state.gov/historicaldocuments/frus1955-57v14,,,,,403,FRUS
USGOV-EFE7E2E1084A05D6,Foreign Relations of the United States: frus1955-57v15,https://static.history.state.gov/frus/frus1955-57v15/pdf/frus1955-57v15.pdf,2026-09-21,FAILED,https://history.state.gov/historicaldocuments/frus1955-57v15,,,,,403,FRUS
USGOV-29128B029D6DACEF,Foreign Relations of the United States: frus1955-57v16,https://static.history.state.gov/frus/frus1955-57v16/pdf/frus1955-57v16.pdf,2026-09-21,FAILED,https://history.state.gov/historicaldocuments/frus1955-57v16,,,,,403,FRUS
USGOV-204260CED8894DA9,Foreign Relations of the United States: frus1955-57v17,https://static.history.state.gov/frus/frus1955-57v17/pdf/frus1955-57v17.pdf,2026-09-21,FAILED,https://history.state.gov/historicaldocuments/frus1955-57v17,,,,,403,FRUS
USGOV-B54CDD6ED1B4C356,Foreign Relations of the United States: frus1955-57v18,https://static.history.state.gov/frus/frus1955-57v18/pdf/frus1955-57v18.pdf,2026-09-21,FAILED,https://history.state.gov/historicaldocuments/frus1955-57v18,,,,,403,FRUS
USGOV-90BF6E24A8FF7800,Foreign Relations of the United States: frus1955-57v19,https://static.history.state.gov/frus/frus1955-57v19/pdf/frus1955-57v19.pdf,2026-09-21,FAILED,https://history.state.gov/historicaldocuments/frus1955-57v19,,,,,403,FRUS
USGOV-4619100A6B032315,Foreign Relations of the United States: frus1955-57v20,https://static.history.state.gov/frus/frus1955-57v20/pdf/frus1955-57v20.pdf,2026-09-21,FAILED,https://history.state.gov/historicaldocuments/frus1955-57v20,,,,,403,FRUS
USGOV-EF7FCA514373222C,Foreign Relations of the United States: frus1955-57v21,https://static.history.state.gov/frus/frus1955-57v21/pdf/frus1955-57v21.pdf,2026-09-21,FAILED,https://history.state.gov/historicaldocuments/frus1955-57v21,,,,,403,FRUS
USGOV-2E4A267631C8B86B,Foreign Relations of the United States: frus1955-57v22,https://static.history.state.gov/frus/frus1955-57v22/pdf/frus1955-57v22.pdf,2026-09-21,FAILED,https://history.state.gov/historicaldocuments/frus1955-57v22,,,,,403,FRUS
USGOV-355ABBEBF1EF773A,Foreign Relations of the United States: frus1955-57v23p1,https://static.history.state.gov/frus/frus1955-57v23p1/pdf/frus1955-57v23p1.pdf,2026-09-21,FAILED,https://history.state.gov/historicaldocuments/frus1955-57v23p1,,,,,403,FRUS
USGOV-786E7195AA2D78FE,Foreign Relations of the United States: frus1955-57v23p2,https://static.history.state.gov/frus/frus1955-57v23p2/pdf/frus1955-57v23p2.pdf,2026-09-21,FAILED,https://history.state.gov/historicaldocuments/frus1955-57v23p2,,,,,403,FRUS
USGOV-D567E237559C736D,Foreign Relations of the United States: frus1955-57v24,https://static.history.state.gov/frus/frus1955-57v24/pdf/frus1955-57v24.pdf,2026-09-21,FAILED,https://history.state.gov/historicaldocuments/frus1955-57v24,,,,,403,FRUS
USGOV-6972094971CC24CB,Foreign Relations of the United States: frus1955-57v25,https://static.history.state.gov/frus/frus1955-57v25/pdf/frus1955-57v25.pdf,2026-09-21,FAILED,https://history.state.gov/historicaldocuments/frus1955-57v25,,,,,403,FRUS
USGOV-6A37A185344E97E2,Foreign Relations of the United States: frus1955-57v26,https://static.history.state.gov/frus/frus1955-57v26/pdf/frus1955-57v26.pdf,2026-09-21,FAILED,https://history.state.gov/historicaldocuments/frus1955-57v26,,,,,403,FRUS
USGOV-0D9E1F96E6E5A835,Foreign Relations of the United States: frus1955-57v27,https://static.history.state.gov/frus/frus1955-57v27/pdf/frus1955-57v27.pdf,2026-09-21,FAILED,https://history.state.gov/historicaldocuments/frus1955-57v27,,,,,403,FRUS
USGOV-D515E5E01BD665B7,Foreign Relations of the United States: frus1958-60v01,https://static.history.state.gov/frus/frus1958-60v01/pdf/frus1958-60v01.pdf,2026-09-21,FAILED,https://history.state.gov/historicaldocuments/frus1958-60v01,,,,,403,FRUS
USGOV-7442138E4CE5841E,Foreign Relations of the United States: frus1958-60v02,https://static.history.state.gov/frus/frus1958-60v02/pdf/frus1958-60v02.pdf,2026-09-21,FAILED,https://history.state.gov/historicaldocuments/frus1958-60v02,,,,,403,FRUS
USGOV-5F059D56B95A2012,Foreign Relations of the United States: frus1958-60v03,https://static.history.state.gov/frus/frus1958-60v03/pdf/frus1958-60v03.pdf,2026-09-21,FAILED,https://history.state.gov/historicaldocuments/frus1958-60v03,,,,,403,FRUS
USGOV-3C95DDBE5D39AB4A,Foreign Relations of the United States: frus1958-60v03mSupp,https://static.history.state.gov/frus/frus1958-60v03mSupp/pdf/frus1958-60v03mSupp.pdf,2026-09-21,FAILED,https://history.state.gov/historicaldocuments/frus1958-60v03mSupp,,,,,,FRUS
USGOV-F97E0B130566AC50,Foreign Relations of the United States: frus1958-60v04,https://static.history.state.gov/frus/frus1958-60v04/pdf/frus1958-60v04.pdf,2026-09-21,FAILED,https://history.state.gov/historicaldocuments/frus1958-60v04,,,,,403,FRUS
USGOV-278EEDF58655F9BA,Foreign Relations of the United States: frus1958-60v05,https://static.history.state.gov/frus/frus1958-60v05/pdf/frus1958-60v05.pdf,2026-09-21,FAILED,https://history.state.gov/historicaldocuments/frus1958-60v05,,,,,403,FRUS
USGOV-FEEBB437BE4C74C6,Foreign Relations of the United States: frus1958-60v05mSupp,https://static.history.state.gov/frus/frus1958-60v05mSupp/pdf/frus1958-60v05mSupp.pdf,2026-09-21,ACQUIRED,https://history.state.gov/historicaldocuments/frus1958-60v05mSupp,GOVERNMENT_BULK/FRUS/ebae1b64347d__frus1958-60v05mSupp.pdf,ebae1b64347dde1b4e776b3ee4c604f14aed8d22912a2aab4aecbb2b0eba78c6,3281268,application/pdf,200,FRUS
USGOV-94AF2B11DE8CE25C,Foreign Relations of the United States: frus1958-60v06,https://static.history.state.gov/frus/frus1958-60v06/pdf/frus1958-60v06.pdf,2026-09-21,FAILED,https://history.state.gov/historicaldocuments/frus1958-60v06,,,,,403,FRUS
USGOV-43CE75D324A28C88,Foreign Relations of the United States: frus1958-60v07p1,https://static.history.state.gov/frus/frus1958-60v07p1/pdf/frus1958-60v07p1.pdf,2026-09-21,FAILED,https://history.state.gov/historicaldocuments/frus1958-60v07p1,,,,,403,FRUS
USGOV-51EFD09C36AA9C11,Foreign Relations of the United States: frus1958-60v07p2,https://static.history.state.gov/frus/frus1958-60v07p2/pdf/frus1958-60v07p2.pdf,2026-09-21,FAILED,https://history.state.gov/historicaldocuments/frus1958-60v07p2,,,,,403,FRUS
USGOV-696DF9A281B9CC8C,Foreign Relations of the United States: frus1958-60v08,https://static.history.state.gov/frus/frus1958-60v08/pdf/frus1958-60v08.pdf,2026-09-21,FAILED,https://history.state.gov/historicaldocuments/frus1958-60v08,,,,,403,FRUS
USGOV-0E7B89EC6CAE0644,Foreign Relations of the United States: frus1958-60v09,https://static.history.state.gov/frus/frus1958-60v09/pdf/frus1958-60v09.pdf,2026-09-21,FAILED,https://history.state.gov/historicaldocuments/frus1958-60v09,,,,,403,FRUS
USGOV-8793184A6E3E9CA6,Foreign Relations of the United States: frus1958-60v10p1,https://static.history.state.gov/frus/frus1958-60v10p1/pdf/frus1958-60v10p1.pdf,2026-09-21,FAILED,https://history.state.gov/historicaldocuments/frus1958-60v10p1,,,,,403,FRUS
USGOV-0850FE802536D017,Foreign Relations of the United States: frus1958-60v10p2,https://static.history.state.gov/frus/frus1958-60v10p2/pdf/frus1958-60v10p2.pdf,2026-09-21,FAILED,https://history.state.gov/historicaldocuments/frus1958-60v10p2,,,,,403,FRUS
USGOV-B1542C5355CB5D2D,Foreign Relations of the United States: frus1958-60v11,https://static.history.state.gov/frus/frus1958-60v11/pdf/frus1958-60v11.pdf,2026-09-21,FAILED,https://history.state.gov/historicaldocuments/frus1958-60v11,,,,,403,FRUS
USGOV-C875E700DA3FDDCF,Foreign Relations of the United States: frus1958-60v12,https://static.history.state.gov/frus/frus1958-60v12/pdf/frus1958-60v12.pdf,2026-09-21,FAILED,https://history.state.gov/historicaldocuments/frus1958-60v12,,,,,403,FRUS
USGOV-B902A3F367A67227,Foreign Relations of the United States: frus1958-60v13,https://static.history.state.gov/frus/frus1958-60v13/pdf/frus1958-60v13.pdf,2026-09-21,FAILED,https://history.state.gov/historicaldocuments/frus1958-60v13,,,,,403,FRUS
USGOV-151E53E26560F768,Foreign Relations of the United States: frus1958-60v14,https://static.history.state.gov/frus/frus1958-60v14/pdf/frus1958-60v14.pdf,2026-09-21,FAILED,https://history.state.gov/historicaldocuments/frus1958-60v14,,,,,403,FRUS
USGOV-461A6CC85F7CF520,Foreign Relations of the United States: frus1958-60v15,https://static.history.state.gov/frus/frus1958-60v15/pdf/frus1958-60v15.pdf,2026-09-21,FAILED,https://history.state.gov/historicaldocuments/frus1958-60v15,,,,,403,FRUS
USGOV-E32B90C850C675D5,Foreign Relations of the United States: frus1958-60v16,https://static.history.state.gov/frus/frus1958-60v16/pdf/frus1958-60v16.pdf,2026-09-21,FAILED,https://history.state.gov/historicaldocuments/frus1958-60v16,,,,,403,FRUS
USGOV-A29A5CB69A04261D,Foreign Relations of the United States: frus1958-60v17,https://static.history.state.gov/frus/frus1958-60v17/pdf/frus1958-60v17.pdf,2026-09-21,FAILED,https://history.state.gov/historicaldocuments/frus1958-60v17,,,,,403,FRUS
USGOV-88F97E9AC73DAC0E,Foreign Relations of the United States: frus1958-60v18,https://static.history.state.gov/frus/frus1958-60v18/pdf/frus1958-60v18.pdf,2026-09-21,FAILED,https://history.state.gov/historicaldocuments/frus1958-60v18,,,,,403,FRUS
USGOV-8FDAE60E82C70753,Foreign Relations of the United States: frus1958-60v19,https://static.history.state.gov/frus/frus1958-60v19/pdf/frus1958-60v19.pdf,2026-09-21,FAILED,https://history.state.gov/historicaldocuments/frus1958-60v19,,,,,403,FRUS
USGOV-7F51DFAF53DE5432,Foreign Relations of the United States: frus1961-63v01,https://static.history.state.gov/frus/frus1961-63v01/pdf/frus1961-63v01.pdf,2026-09-21,FAILED,https://history.state.gov/historicaldocuments/frus1961-63v01,,,,,403,FRUS
USGOV-1CFF4C612D74B941,Foreign Relations of the United States: frus1961-63v02,https://static.history.state.gov/frus/frus1961-63v02/pdf/frus1961-63v02.pdf,2026-09-21,FAILED,https://history.state.gov/historicaldocuments/frus1961-63v02,,,,,403,FRUS
USGOV-1E0EA2FC9D0DAE5D,Foreign Relations of the United States: frus1961-63v03,https://static.history.state.gov/frus/frus1961-63v03/pdf/frus1961-63v03.pdf,2026-09-21,FAILED,https://history.state.gov/historicaldocuments/frus1961-63v03,,,,,403,FRUS
USGOV-F05E8CCE9D6C2B72,Foreign Relations of the United States: frus1961-63v04,https://static.history.state.gov/frus/frus1961-63v04/pdf/frus1961-63v04.pdf,2026-09-21,FAILED,https://history.state.gov/historicaldocuments/frus1961-63v04,,,,,403,FRUS
USGOV-D0F031CF65015028,Foreign Relations of the United States: frus1961-63v05,https://static.history.state.gov/frus/frus1961-63v05/pdf/frus1961-63v05.pdf,2026-09-21,FAILED,https://history.state.gov/historicaldocuments/frus1961-63v05,,,,,403,FRUS
USGOV-6EB5F5BDE2A0240F,Foreign Relations of the United States: frus1961-63v06,https://static.history.state.gov/frus/frus1961-63v06/pdf/frus1961-63v06.pdf,2026-09-21,FAILED,https://history.state.gov/historicaldocuments/frus1961-63v06,,,,,403,FRUS
USGOV-8C5D914DD594E2B0,Foreign Relations of the United States: frus1961-63v07-09mSupp,https://static.history.state.gov/frus/frus1961-63v07-09mSupp/pdf/frus1961-63v07-09mSupp.pdf,2026-09-21,ACQUIRED,https://history.state.gov/historicaldocuments/frus1961-63v07-09mSupp,GOVERNMENT_BULK/FRUS/0b1fe941dc4c__frus1961-63v07-09mSupp.pdf,0b1fe941dc4c9cdbb88900d2ab03bb39a4caaf239b4157819fa23f9af4d6628b,6507313,application/pdf,200,FRUS
USGOV-5E105D3EE0CBB39E,Foreign Relations of the United States: frus1961-63v07,https://static.history.state.gov/frus/frus1961-63v07/pdf/frus1961-63v07.pdf,2026-09-21,FAILED,https://history.state.gov/historicaldocuments/frus1961-63v07,,,,,403,FRUS
USGOV-DFCD4708E63A8DF5,Foreign Relations of the United States: frus1961-63v08,https://static.history.state.gov/frus/frus1961-63v08/pdf/frus1961-63v08.pdf,2026-09-21,FAILED,https://history.state.gov/historicaldocuments/frus1961-63v08,,,,,403,FRUS
USGOV-79260F92EBDE62EA,Foreign Relations of the United States: frus1961-63v09,https://static.history.state.gov/frus/frus1961-63v09/pdf/frus1961-63v09.pdf,2026-09-21,FAILED,https://history.state.gov/historicaldocuments/frus1961-63v09,,,,,403,FRUS
USGOV-ACAADAD7CD168045,Foreign Relations of the United States: frus1961-63v10-12mSupp,https://static.history.state.gov/frus/frus1961-63v10-12mSupp/pdf/frus1961-63v10-12mSupp.pdf,2026-09-21,FAILED,https://history.state.gov/historicaldocuments/frus1961-63v10-12mSupp,,,,,,FRUS
USGOV-1B681095C484BD6F,Foreign Relations of the United States: frus1961-63v10,https://static.history.state.gov/frus/frus1961-63v10/pdf/frus1961-63v10.pdf,2026-09-21,FAILED,https://history.state.gov/historicaldocuments/frus1961-63v10,,,,,403,FRUS
USGOV-229D561BCF3C3D19,Foreign Relations of the United States: frus1961-63v11,https://static.history.state.gov/frus/frus1961-63v11/pdf/frus1961-63v11.pdf,2026-09-21,FAILED,https://history.state.gov/historicaldocuments/frus1961-63v11,,,,,403,FRUS
USGOV-63696AE9AC04DAB6,Foreign Relations of the United States: frus1961-63v12,https://static.history.state.gov/frus/frus1961-63v12/pdf/frus1961-63v12.pdf,2026-09-21,FAILED,https://history.state.gov/historicaldocuments/frus1961-63v12,,,,,403,FRUS
USGOV-511187CAF84CE22A,Foreign Relations of the United States: frus1961-63v13,https://static.history.state.gov/frus/frus1961-63v13/pdf/frus1961-63v13.pdf,2026-09-21,FAILED,https://history.state.gov/historicaldocuments/frus1961-63v13,,,,,403,FRUS
USGOV-85784FC14CF322B8,Foreign Relations of the United States: frus1961-63v14,https://static.history.state.gov/frus/frus1961-63v14/pdf/frus1961-63v14.pdf,2026-09-21,FAILED,https://history.state.gov/historicaldocuments/frus1961-63v14,,,,,403,FRUS
USGOV-076000C2501B79B8,Foreign Relations of the United States: frus1961-63v15,https://static.history.state.gov/frus/frus1961-63v15/pdf/frus1961-63v15.pdf,2026-09-21,FAILED,https://history.state.gov/historicaldocuments/frus1961-63v15,,,,,403,FRUS
